alive,alive_since,anonymity,average_timeout,first_seen,ip_data_as,ip_data_asname,ip_data_city,ip_data_continent,ip_data_continentCode,ip_data_country,ip_data_countryCode,ip_data_district,ip_data_hosting,ip_data_isp,ip_data_lat,ip_data_lon,ip_data_mobile,ip_data_org,ip_data_proxy,ip_data_regionName,ip_data_status,ip_data_timezone,ip_data_zip,ip_data_last_update,last_seen,port,protocol,proxy,ssl,timeout,times_alive,times_dead,uptime,ip
true,1744023688.2689,elite,635.03810522485,1743704780.4573,"AS132203 Tencent Building, Kejizhongyi Avenue",TENCENT-NET-AP-CN,"Santa Clara","North America",NA,"United States",US,,true,"Shenzhen Tencent Computer Systems Company Limited",37.3541,-121.9552,false,"Tencent Cloud Computing",false,California,success,America/Los_Angeles,,1743704782,1744023688.2689,13001,http,43.153.23.242:13001,false,499.03440475464,2524,1167,68.382552153888,43.153.23.242
true,1744023688.2332,elite,517.37755585913,1743742385.5019,"AS132203 Tencent Building, Kejizhongyi Avenue",TENCENT-NET-AP-CN,"Santa Clara","North America",NA,"United States",US,,true,"Shenzhen Tencent Computer Systems Company Limited",37.3541,-121.9552,false,"Tencent Cloud Computing",false,California,success,America/Los_Angeles,,1743742386,1744023688.2332,13001,http,43.135.145.242:13001,false,746.15025520325,2073,1204,63.259078425389,43.135.145.242
true,1744023687.8477,elite,700.3293944488,1742753025.1275,"AS132203 Tencent Building, Kejizhongyi Avenue",TENCENT-NET-AP-CN,"Santa Clara","North America",NA,"United States",US,,true,"Aceville Pte.ltd",37.3541,-121.9552,false,,false,California,success,America/Los_Angeles,,1743962703,1744023687.8477,13001,http,43.153.103.42:13001,false,737.84804344177,8411,6657,55.820281391027,43.153.103.42
true,1744023687.2701,elite,756.83499674573,1696965032.2342,"AS46562 Performive LLC",PERFORMIVE,Atlanta,"North America",NA,"United States",US,,true,"Performive LLC",33.7488,-84.3877,false,"Performive LLC",true,Georgia,success,America/New_York,30302,1743795113,1744023687.2701,4145,socks4,199.58.184.97:4145,true,853.80363464355,153842,311919,33.030245125719,199.58.184.97
true,1744023686.4608,elite,611.95252433807,1743702912.9763,"AS132203 Tencent Building, Kejizhongyi Avenue",TENCENT-NET-AP-CN,"Santa Clara","North America",NA,"United States",US,,true,"Shenzhen Tencent Computer Systems Company Limited",37.3541,-121.9552,false,"Tencent Cloud Computing",false,California,success,America/Los_Angeles,,1743702914,1744023686.4608,13001,http,43.130.29.151:13001,false,745.79215049744,2496,1213,67.295767053114,43.130.29.151
true,1744023686.2514,elite,1484.1246922632,1696987209.4257,"AS22773 Cox Communications Inc.",ASN-CXA-ALL-CCI-22773-RDC,"Fort Walton Beach","North America",NA,"United States",US,,false,"Cox Communications Inc.",30.4553,-86.6285,false,"Cox Communications",true,Florida,success,America/Chicago,32547,1743713593,1744023686.2514,4145,socks4,24.249.199.12:4145,true,923.70462417603,159607,297259,34.935188873762,24.249.199.12
true,1744023686.1632,elite,10392.644501071,1717778905.5936,"AS205659 UAB code200",CODE200-ISP2,Dallas,"North America",NA,"United States",US,,false,"UAB code200",32.7767,-96.797,false,"Fastplanet LTD",true,Texas,success,America/Chicago,75270,1743870211,1744023686.1632,5749,socks4,104.239.80.171:5749,true,1066.5533542633,563,99670,0.56169125936568,104.239.80.171
true,1744023685.9972,elite,629.77153077183,1743746018.5969,"AS132203 Tencent Building, Kejizhongyi Avenue",TENCENT-NET-AP-CN,"Santa Clara","North America",NA,"United States",US,,true,"Tencent Cloud Computing (Beijing) Co",37.353,-121.9544,false,,false,California,success,America/Los_Angeles,95052,1743746019,1744023685.9972,13001,http,170.106.113.58:13001,false,320.99080085754,2075,1163,64.08276714021,170.106.113.58
true,1744023685.6091,elite,993.04985463474,1696986401.9455,"AS46562 Performive LLC",PERFORMIVE,Atlanta,"North America",NA,"United States",US,Fairlie-Poplar,true,"Total Server Solutions L.L.C.",33.755,-84.3896,false,"Sharktek Consulting LLC",true,Georgia,success,America/New_York,30303,1743526746,1744023685.6091,18765,socks4,192.111.137.34:18765,true,843.10960769653,138726,284907,32.746740693006,192.111.137.34
true,1744023279.8153,elite,667.46252006883,1743742979.3746,"AS132203 Tencent Building, Kejizhongyi Avenue",TENCENT-NET-AP-CN,"Santa Clara","North America",NA,"United States",US,,true,"Shenzhen Tencent Computer Systems Company Limited",37.3541,-121.9552,false,"Tencent Cloud Computing",false,California,success,America/Los_Angeles,,1743743599,1744023685.4063,13001,http,43.130.44.212:13001,false,453.06086540222,2211,1055,67.697489283527,43.130.44.212
true,1744023486.7852,elite,651.49484054243,1743805992.2467,"AS132203 Tencent Building, Kejizhongyi Avenue",TENCENT-NET-AP-CN,"Santa Clara","North America",NA,"United States",US,,true,"Shenzhen Tencent Computer Systems Company Limited",37.3541,-121.9552,false,"Tencent Cloud Computing",false,California,success,America/Los_Angeles,,1743805993,1744023684.7764,13001,http,43.153.115.164:13001,false,1239.6264076233,1584,971,61.996086105675,43.153.115.164
true,1744023682.5347,elite,643.11996378332,1743743377.9048,"AS132203 Tencent Building, Kejizhongyi Avenue",TENCENT-NET-AP-CN,"Santa Clara","North America",NA,"United States",US,,true,"Shenzhen Tencent Computer Systems Company Limited",37.3541,-121.9552,false,"Tencent Cloud Computing",false,California,success,America/Los_Angeles,,1743743379,1744023682.5347,13001,http,43.159.134.4:13001,false,345.55768966675,2138,1129,65.442301805938,43.159.134.4
true,1744023390.1299,elite,636.04479364822,1743704599.7087,"AS132203 Tencent Building, Kejizhongyi Avenue",TENCENT-NET-AP-CN,"Santa Clara","North America",NA,"United States",US,,true,"Tencent Cloud Computing (Beijing) Co",37.353,-121.9544,false,,false,California,success,America/Los_Angeles,95052,1743704600,1744023682.1878,13001,http,170.106.168.100:13001,false,317.40164756775,2507,1188,67.848443843031,170.106.168.100
true,1744023681.8106,elite,615.25764036025,1743742576.7977,"AS132203 Tencent Building, Kejizhongyi Avenue",TENCENT-NET-AP-CN,"Santa Clara","North America",NA,"United States",US,,true,"Shenzhen Tencent Computer Systems Company Limited",37.3541,-121.9552,false,"Tencent Cloud Computing",false,California,success,America/Los_Angeles,,1743742870,1744023681.8106,13001,http,43.153.101.244:13001,false,311.81669235229,2177,1097,66.493585827734,43.153.101.244
true,1744023681.5083,elite,599.35377017139,1743742778.4581,"AS132203 Tencent Building, Kejizhongyi Avenue",TENCENT-NET-AP-CN,"Santa Clara","North America",NA,"United States",US,,true,"Shenzhen Tencent Computer Systems Company Limited",37.3541,-121.9552,false,"Tencent Cloud Computing",false,California,success,America/Los_Angeles,,1743742779,1744023681.5083,13001,http,43.130.12.39:13001,false,454.28991317749,2039,1232,62.335677162947,43.130.12.39
true,1744023614.9478,elite,900.68182152915,1742742583.1914,"AS132203 Tencent Building, Kejizhongyi Avenue",TENCENT-NET-AP-CN,"Santa Clara","North America",NA,"United States",US,,true,"Shenzhen Tencent Computer Systems Company Limited",37.3541,-121.9552,false,"Tencent Cloud Computing",false,California,success,America/Los_Angeles,,1743952315,1744023680.5527,13001,http,43.153.32.146:13001,false,313.33994865417,8306,6890,54.659120821269,43.153.32.146
true,1744023060.6071,elite,658.91191397146,1743701237.231,"AS132203 Tencent Building, Kejizhongyi Avenue",TENCENT-NET-AP-CN,"Santa Clara","North America",NA,"United States",US,,true,"Shenzhen Tencent Computer Systems Company Limited",37.3541,-121.9552,false,"Tencent Cloud Computing",false,California,success,America/Los_Angeles,,1743701238,1744023679.5483,13001,http,43.159.137.110:13001,false,735.85510253906,2468,1262,66.166219839142,43.159.137.110
true,1744023679.421,elite,482.28681596454,1721898139.0597,"AS14061 DigitalOcean, LLC",DIGITALOCEAN-ASN,"Santa Clara","North America",NA,"United States",US,,true,"DigitalOcean, LLC",37.3931,-121.962,false,"DigitalOcean, LLC",true,California,success,America/Los_Angeles,95054,1743551251,1744023679.421,80,http,165.232.129.150:80,false,466.61257743835,121884,183836,39.867852937328,165.232.129.150
true,1744023428.9668,elite,672.18035808415,1743057466.2842,"AS132203 Tencent Building, Kejizhongyi Avenue",TENCENT-NET-AP-CN,"Santa Clara","North America",NA,"United States",US,,true,"Shenzhen Tencent Computer Systems Company Limited",37.3541,-121.9552,false,"Tencent Cloud Computing",false,California,success,America/Los_Angeles,,1743662313,1744023678.4496,13001,http,43.153.112.28:13001,false,746.97279930115,6527,4791,57.669199505213,43.153.112.28
true,1744023406.8047,elite,595.0086227835,1743741857.2949,"AS132203 Tencent Building, Kejizhongyi Avenue",TENCENT-NET-AP-CN,"Santa Clara","North America",NA,"United States",US,,true,"Shenzhen Tencent Computer Systems Company Limited",37.3541,-121.9552,false,"Tencent Cloud Computing",false,California,success,America/Los_Angeles,,1743741858,1744023678.3136,13001,http,43.135.158.86:13001,false,737.7655506134,2190,1091,66.747942700396,43.135.158.86
true,1744023678.291,elite,957.43932424834,1697017989.1296,"AS46562 Performive LLC",PERFORMIVE,"Los Angeles","North America",NA,"United States",US,,true,"Performive LLC",34.0549,-118.243,false,"Total Server Solutions L.L.C",true,California,success,America/Los_Angeles,90009,1743534901,1744023678.291,4145,socks4,107.181.168.145:4145,true,1000.9582042694,132886,246724,35.005927135745,107.181.168.145
true,1744023582.5004,elite,679.45569579092,1743703794.1765,"AS132203 Tencent Building, Kejizhongyi Avenue",TENCENT-NET-AP-CN,"Santa Clara","North America",NA,"United States",US,,true,"Tencent Cloud Computing (Beijing) Co",37.353,-121.9544,false,,false,California,success,America/Los_Angeles,95052,1743703795,1744023677.4756,13001,http,170.106.84.125:13001,false,1018.6898708344,2561,1143,69.141468682505,170.106.84.125
true,1744023510.9166,elite,664.78907864215,1743743530.366,"AS132203 Tencent Building, Kejizhongyi Avenue",TENCENT-NET-AP-CN,"Santa Clara","North America",NA,"United States",US,,true,OPHL,37.353,-121.9544,false,"Tencent cloud computing (Beijing) Co., Ltd.",false,California,success,America/Los_Angeles,95052,1743743531,1744023676.8862,13001,http,49.51.229.252:13001,false,739.00532722473,2171,1095,66.472749540723,49.51.229.252
true,1744023676.5111,elite,623.99472948753,1743743128.4654,"AS132203 Tencent Building, Kejizhongyi Avenue",TENCENT-NET-AP-CN,"Santa Clara","North America",NA,"United States",US,,true,"Shenzhen Tencent Computer Systems Company Limited",37.3541,-121.9552,false,"Tencent Cloud Computing",false,California,success,America/Los_Angeles,,1743743129,1744023676.5111,13001,http,43.153.18.46:13001,false,318.07422637939,2054,1215,62.83267054145,43.153.18.46
true,1744023675.6149,elite,9740.6715043521,1720081368.2087,"AS13213 UK-2 Limited",UK2NET-AS,"New York","North America",NA,"United States",US,,true,"UK-2 Limited",40.7126,-74.0066,false,"Hosting Services, Inc.",true,"New York",success,America/New_York,10004,1743844571,1744023675.6149,17426,socks4,67.213.212.57:17426,true,11423.861503601,472,98165,0.47852225838174,67.213.212.57
true,1744023675.1279,elite,681.74745785734,1742745041.6715,"AS132203 Tencent Building, Kejizhongyi Avenue",TENCENT-NET-AP-CN,"Santa Clara","North America",NA,"United States",US,,true,"Shenzhen Tencent Computer Systems Company Limited",37.3541,-121.9552,false,"Tencent Cloud Computing",false,California,success,America/Los_Angeles,,1743954789,1744023675.1279,13001,http,43.153.69.199:13001,false,447.34573364258,8785,6379,57.933262991295,43.153.69.199
true,1744023674.0314,elite,3525.9281904324,1710728566.0874,"AS36236 NetActuate, Inc",NETACTUATE,"West Hollywood","North America",NA,"United States",US,Central-Alameda,true,"NetActuate, Inc",34.0881,-118.379,false,"Host Virtual, Inc",true,California,success,America/Los_Angeles,90069,1743561419,1744023674.0314,80,http,192.73.244.36:80,false,1647.8822231293,332397,176599,65.304442471061,192.73.244.36
true,1744023672.6559,elite,600.48272635986,1743742780.0543,"AS132203 Tencent Building, Kejizhongyi Avenue",TENCENT-NET-AP-CN,"Los Angeles","North America",NA,"United States",US,,true,OPHL,34.0522,-118.2436,false,"Tencent cloud computing (Beijing) Co., Ltd.",false,California,success,America/Los_Angeles,,1743742780,1744023672.6559,13001,http,49.51.188.4:13001,false,316.82682037354,2087,1186,63.764130766881,49.51.188.4
true,1744023089.3937,transparent,4657.483700919,1742835375.8616,"AS36351 IBM Cloud",SOFTLAYER,Dallas,"North America",NA,"United States",US,,true,SoftLayer,32.7797,-96.8022,false,"SoftLayer Technologies Inc",false,Texas,success,America/Chicago,75270,1743440224,1744023671.7469,3128,http,208.43.38.57:3128,false,6003.6773681641,10240,3874,72.552075952955,208.43.38.57
true,1744023669.8955,elite,534.48728702035,1743752145.355,"AS132203 Tencent Building, Kejizhongyi Avenue",TENCENT-NET-AP-CN,"Santa Clara","North America",NA,"United States",US,,true,"Shenzhen Tencent Computer Systems Company Limited",37.3541,-121.9552,false,"Tencent Cloud Computing",false,California,success,America/Los_Angeles,,1743752146,1744023669.8955,13001,http,43.130.28.65:13001,false,739.01677131653,1953,1216,61.62827390344,43.130.28.65
true,1744023595.6156,elite,598.34499313377,1743702421.5049,"AS132203 Tencent Building, Kejizhongyi Avenue",TENCENT-NET-AP-CN,"Santa Clara","North America",NA,"United States",US,,true,"Tencent Cloud Computing (Beijing) Co",37.353,-121.9544,false,,false,California,success,America/Los_Angeles,95052,1743702424,1744023669.7024,13001,http,170.106.186.103:13001,false,317.78979301453,2398,1322,64.462365591398,170.106.186.103
true,1744023669.2115,elite,684.03611427698,1743704606.4746,"AS132203 Tencent Building, Kejizhongyi Avenue",TENCENT-NET-AP-CN,"Santa Clara","North America",NA,"United States",US,,true,"Shenzhen Tencent Computer Systems Company Limited",37.3541,-121.9552,false,"Tencent Cloud Computing",false,California,success,America/Los_Angeles,,1743705011,1744023669.2115,13001,http,43.153.78.139:13001,false,445.56951522827,2418,1274,65.492957746479,43.153.78.139
true,1744023585.4805,elite,601.1800477245,1743744337.903,"AS132203 Tencent Building, Kejizhongyi Avenue",TENCENT-NET-AP-CN,"Santa Clara","North America",NA,"United States",US,,true,"Shenzhen Tencent Computer Systems Company Limited",37.3541,-121.9552,false,"Tencent Cloud Computing",false,California,success,America/Los_Angeles,,1743744338,1744023668.8449,13001,http,43.135.174.65:13001,false,314.88752365112,2056,1200,63.144963144963,43.135.174.65
true,1744023071.7011,elite,2609.2537182328,1743079086.4202,"AS45102 Alibaba (US) Technology Co., Ltd.",ALIBABA-CN-NET,Minkler,"North America",NA,"United States",US,,true,"Alibaba Cloud LLC",36.7783,-119.418,false,"Alibaba Cloud - US",false,California,success,America/Los_Angeles,,1743684023,1744023668.5932,8081,http,47.254.28.155:8081,false,311.90371513367,5501,5552,49.769293404506,47.254.28.155
true,1744023667.0665,elite,598.83707177205,1743704547.5958,"AS132203 Tencent Building, Kejizhongyi Avenue",TENCENT-NET-AP-CN,"Santa Clara","North America",NA,"United States",US,,true,OPHL,37.353,-121.9544,false,"Tencent cloud computing (Beijing) Co., Ltd.",false,California,success,America/Los_Angeles,95052,1743704549,1744023667.0665,13001,http,49.51.73.96:13001,false,447.1914768219,2335,1359,63.210611802924,49.51.73.96
true,1744023666.8047,elite,1057.7434322387,1696985656.7541,"AS46562 Performive LLC",PERFORMIVE,Atlanta,"North America",NA,"United States",US,,true,"Total Server Solutions L.L.C.",33.9381,-84.4633,false,"Assima Inc",true,Georgia,success,America/New_York,30067,1743936004,1744023666.8047,18301,socks4,192.111.135.18:18301,true,730.37195205688,138563,273555,33.622166466886,192.111.135.18
true,1744023373.6088,elite,650.26410726865,1743740866.8743,"AS132203 Tencent Building, Kejizhongyi Avenue",TENCENT-NET-AP-CN,"Santa Clara","North America",NA,"United States",US,,true,"Shenzhen Tencent Computer Systems Company Limited",37.3541,-121.9552,false,"Tencent Cloud Computing",false,California,success,America/Los_Angeles,,1743743561,1744023665.5126,13001,http,43.159.139.163:13001,false,306.46991729736,1973,1302,60.24427480916,43.159.139.163
true,1744023665.2728,transparent,6949.8599428441,1743139364.5975,"AS45102 Alibaba (US) Technology Co., Ltd.",ALIBABA-CN-NET,"Santa Clara","North America",NA,"United States",US,,true,"Alibaba Cloud LLC",37.353,-121.9544,false,ALICLOUD-US,false,California,success,America/Los_Angeles,95052,1743745875,1744023665.2728,3128,http,47.251.63.1:3128,false,8602.8037071228,629,8217,7.1105584444947,47.251.63.1
true,1744023664.8281,elite,599.96445066846,1743702473.579,"AS132203 Tencent Building, Kejizhongyi Avenue",TENCENT-NET-AP-CN,"Santa Clara","North America",NA,"United States",US,,true,"Tencent Cloud Computing (Beijing) Co",37.353,-121.9544,false,,false,California,success,America/Los_Angeles,95052,1743702475,1744023664.8281,13001,http,170.106.114.25:13001,false,754.60386276245,2445,1275,65.725806451613,170.106.114.25
true,1744023539.1694,elite,581.73136101674,1743702804.6921,"AS132203 Tencent Building, Kejizhongyi Avenue",TENCENT-NET-AP-CN,"Santa Clara","North America",NA,"United States",US,,true,"Tencent Cloud Computing (Beijing) Co",37.353,-121.9544,false,,false,California,success,America/Los_Angeles,95052,1743703338,1744023663.2634,13001,http,170.106.199.158:13001,false,304.05831336975,2402,1309,64.72648881703,170.106.199.158
true,1744023662.706,elite,751.47531587667,1742749723.331,"AS132203 Tencent Building, Kejizhongyi Avenue",TENCENT-NET-AP-CN,"Santa Clara","North America",NA,"United States",US,,true,"Shenzhen Tencent Computer Systems Company Limited",37.3541,-121.9552,false,"Tencent Cloud Computing",false,California,success,America/Los_Angeles,,1743959588,1744023662.706,13001,http,43.153.92.210:13001,false,476.13573074341,8968,6145,59.339641368358,43.153.92.210
true,1744023662.3016,transparent,9562.5222807839,1743893737.2274,"AS20473 The Constant Company, LLC",AS-VULTR,Atlanta,"North America",NA,"United States",US,,true,"The Constant Company",33.7838,-84.4455,false,"Vultr Holdings, LLC",true,Georgia,success,America/New_York,30318,1743898208,1744023662.3016,2497,http,155.138.198.116:2497,false,8889.4038200378,42,1216,3.3386327503975,155.138.198.116
true,1744023632.1184,elite,644.63630437972,1743741437.3023,"AS132203 Tencent Building, Kejizhongyi Avenue",TENCENT-NET-AP-CN,"Santa Clara","North America",NA,"United States",US,,true,"Shenzhen Tencent Computer Systems Company Limited",37.3541,-121.9552,false,"Tencent Cloud Computing",false,California,success,America/Los_Angeles,,1743741437,1744023661.2981,13001,http,43.135.132.101:13001,false,313.56120109558,1974,1313,60.054761180408,43.135.132.101
true,1744023661.291,transparent,5860.371656357,1724398971.2916,"AS8075 Microsoft Corporation",MICROSOFT-CORP-MSN-AS-BLOCK,Quincy,"North America",NA,"United States",US,,true,"Microsoft Corporation",47.233,-119.852,false,"Microsoft Azure Cloud (westus2)",true,Washington,success,America/Los_Angeles,98848,1743555028,1744023661.291,3128,http,20.120.225.109:3128,false,5153.6726951599,6581,115334,5.3980232128942,20.120.225.109
true,1744023661.2456,transparent,3988.7675065125,1723112646.0578,"AS23470 ReliableSite.Net LLC",RELIABLESITE,Piscataway,"North America",NA,"United States",US,,true,"ZAgency Media and Technology Company Limited",40.5549,-74.4643,false,"ZAgency Media and Technology Company Limited",true,"New Jersey",success,America/New_York,08855,1743677759,1744023661.2456,39151,http,156.225.70.152:39151,false,9209.6154689789,7011,259385,2.6317962732173,156.225.70.152
true,1744023659.4606,elite,652.19574293613,1743704513.1716,"AS132203 Tencent Building, Kejizhongyi Avenue",TENCENT-NET-AP-CN,"Santa Clara","North America",NA,"United States",US,,true,"Shenzhen Tencent Computer Systems Company Limited",37.3541,-121.9552,false,"Tencent Cloud Computing",false,California,success,America/Los_Angeles,,1743704515,1744023659.4606,13001,http,43.159.141.118:13001,false,325.67930221558,2287,1408,61.894451962111,43.159.141.118
true,1744023659.3464,elite,609.11977170009,1743703919.1699,"AS132203 Tencent Building, Kejizhongyi Avenue",TENCENT-NET-AP-CN,"Santa Clara","North America",NA,"United States",US,,true,"Tencent Cloud Computing (Beijing) Co",37.353,-121.9544,false,,false,California,success,America/Los_Angeles,95052,1743704152,1744023659.3464,13001,http,170.106.193.157:13001,false,473.8507270813,2461,1240,66.495541745474,170.106.193.157
true,1744023546.7217,elite,657.38730542316,1743703307.0482,"AS132203 Tencent Building, Kejizhongyi Avenue",TENCENT-NET-AP-CN,"Santa Clara","North America",NA,"United States",US,,true,"Shenzhen Tencent Computer Systems Company Limited",37.3541,-121.9552,false,"Tencent Cloud Computing",false,California,success,America/Los_Angeles,,1743703307,1744023658.5561,13001,http,43.159.139.120:13001,false,314.96000289917,2433,1277,65.579514824798,43.159.139.120
true,1744023658.3115,elite,5665.1200173662,1730732455.8576,"AS393886 Leaseweb USA, Inc.",LEASEWEB-USA-MIA,Miami,"North America",NA,"United States",US,,true,"Leaseweb USA, Inc.",25.7701,-80.1928,false,"Leaseweb USA, Inc",true,Florida,success,America/New_York,33197,1743551364,1744023658.3115,80,http,23.82.137.159:80,false,9765.3677463531,47220,133430,26.138942706892,23.82.137.159
true,1744023657.9529,elite,509.25088082377,1722099125.2841,"AS14061 DigitalOcean, LLC",DIGITALOCEAN-ASN,"Santa Clara","North America",NA,"United States",US,,true,"DigitalOcean, LLC",37.3931,-121.962,false,"DigitalOcean, LLC",true,California,success,America/Los_Angeles,95054,1743551459,1744023657.9529,80,http,144.126.216.57:80,false,743.42393875122,118930,196502,37.703847421948,144.126.216.57
true,1744023524.4659,elite,3358.0100866343,1710592195.8923,"AS7018 AT&T Services, Inc.",ATT-INTERNET4,Miami,"North America",NA,"United States",US,,false,"AT&T Services, Inc.",25.9524,-80.2184,false,"Private Customer - AT&T Internet Services",true,Florida,success,America/New_York,33169,1743551388,1744023657.845,8888,http,45.22.209.157:8888,false,7830.0635814667,70282,444918,13.641692546584,45.22.209.157
true,1744023409.2326,elite,601.61980070493,1743744211.0986,"AS132203 Tencent Building, Kejizhongyi Avenue",TENCENT-NET-AP-CN,"Santa Clara","North America",NA,"United States",US,,true,"Shenzhen Tencent Computer Systems Company Limited",37.3541,-121.9552,false,"Tencent Cloud Computing",false,California,success,America/Los_Angeles,,1743744551,1744023657.4442,13001,http,43.153.99.158:13001,false,449.22661781311,2056,1196,63.222632226322,43.153.99.158
true,1744023579.1974,elite,759.45768556862,1742748030.1765,"AS132203 Tencent Building, Kejizhongyi Avenue",TENCENT-NET-AP-CN,"Santa Clara","North America",NA,"United States",US,,true,"Shenzhen Tencent Computer Systems Company Limited",37.3541,-121.9552,false,"Tencent Cloud Computing",false,California,success,America/Los_Angeles,,1743957699,1744023657.4393,13001,http,43.153.91.13:13001,false,309.46946144104,8561,6571,56.575469204335,43.153.91.13
true,1744023637.8103,elite,634.16613914286,1743001596.7087,"AS132203 Tencent Building, Kejizhongyi Avenue",TENCENT-NET-AP-CN,"Santa Clara","North America",NA,"United States",US,,true,"Shenzhen Tencent Computer Systems Company Limited",37.3541,-121.9552,false,"Tencent Cloud Computing",false,California,success,America/Los_Angeles,,1743606509,1744023656.2683,13001,http,43.135.154.71:13001,false,302.66976356506,7081,4926,58.973931873074,43.135.154.71
true,1744023655.7569,elite,632.09087767252,1743743580.8004,"AS132203 Tencent Building, Kejizhongyi Avenue",TENCENT-NET-AP-CN,"Santa Clara","North America",NA,"United States",US,,true,OPHL,37.353,-121.9544,false,"Tencent cloud computing (Beijing) Co., Ltd.",false,California,success,America/Los_Angeles,95052,1743743582,1744023655.7569,13001,http,49.51.207.125:13001,false,486.62161827087,2050,1213,62.825620594545,49.51.207.125
true,1744023654.8569,elite,584.21800590448,1743750894.2076,"AS132203 Tencent Building, Kejizhongyi Avenue",TENCENT-NET-AP-CN,"Santa Clara","North America",NA,"United States",US,,true,OPHL,37.353,-121.9544,false,"Tencent cloud computing (Beijing) Co., Ltd.",false,California,success,America/Los_Angeles,95052,1743751378,1744023654.8569,13001,http,49.51.197.183:13001,false,745.57781219482,1828,1353,57.466205595725,49.51.197.183
true,1744023654.2813,elite,658.60369560952,1743741498.6412,"AS132203 Tencent Building, Kejizhongyi Avenue",TENCENT-NET-AP-CN,"Santa Clara","North America",NA,"United States",US,,true,"Tencent Cloud Computing (Beijing) Co",37.353,-121.9544,false,,false,California,success,America/Los_Angeles,95052,1743741499,1744023654.2813,13001,http,170.106.81.199:13001,false,446.28930091858,2106,1182,64.051094890511,170.106.81.199
true,1744023654.2324,elite,979.41648364775,1696996980.3652,"AS46562 Performive LLC",PERFORMIVE,"Los Angeles","North America",NA,"United States",US,,true,"Performive LLC",34.0481,-118.2531,false,"Total Server Solutions L.L.C.",true,California,success,America/Los_Angeles,90014,1743791776,1744023654.2324,4145,socks4,104.200.152.30:4145,true,981.79769515991,135477,275935,32.92976383771,104.200.152.30
true,1744023653.8844,elite,656.20411096731,1742953096.775,"AS132203 Tencent Building, Kejizhongyi Avenue",TENCENT-NET-AP-CN,"Santa Clara","North America",NA,"United States",US,,true,"Tencent Cloud Computing (Beijing) Co",37.353,-121.9544,false,,false,California,success,America/Los_Angeles,95052,1743557948,1744023653.8844,13001,http,170.106.135.2:13001,false,450.95729827881,7214,5401,57.185889813714,170.106.135.2
true,1744023620.1716,elite,652.80167542239,1743006825.9568,"AS132203 Tencent Building, Kejizhongyi Avenue",TENCENT-NET-AP-CN,"Santa Clara","North America",NA,"United States",US,,true,"Shenzhen Tencent Computer Systems Company Limited",37.3541,-121.9552,false,"Tencent Cloud Computing",false,California,success,America/Los_Angeles,,1743611666,1744023653.5808,13001,http,43.130.61.237:13001,false,453.14621925354,7112,4823,59.589442815249,43.130.61.237
true,1744023441.2407,elite,630.48133790863,1743741201.5949,"AS132203 Tencent Building, Kejizhongyi Avenue",TENCENT-NET-AP-CN,"Santa Clara","North America",NA,"United States",US,,true,"Shenzhen Tencent Computer Systems Company Limited",37.3541,-121.9552,false,"Tencent Cloud Computing",false,California,success,America/Los_Angeles,,1743741450,1744023653.1566,13001,http,43.159.145.108:13001,false,755.71084022522,1771,1517,53.862530413625,43.159.145.108
true,1744023651.8618,elite,628.08054717651,1743701277.2807,"AS132203 Tencent Building, Kejizhongyi Avenue",TENCENT-NET-AP-CN,"Santa Clara","North America",NA,"United States",US,,true,"Shenzhen Tencent Computer Systems Company Limited",37.3541,-121.9552,false,"Tencent Cloud Computing",false,California,success,America/Los_Angeles,,1743701278,1744023651.8618,13001,http,43.159.136.219:13001,false,314.72730636597,2417,1315,64.764201500536,43.159.136.219
true,1744023651.5409,elite,626.48594844466,1743758052.9261,"AS132203 Tencent Building, Kejizhongyi Avenue",TENCENT-NET-AP-CN,"Santa Clara","North America",NA,"United States",US,,true,"Shenzhen Tencent Computer Systems Company Limited",37.3541,-121.9552,false,"Tencent Cloud Computing",false,California,success,America/Los_Angeles,,1743758054,1744023651.5409,13001,http,43.130.14.101:13001,false,739.54796791077,2102,1004,67.675466838377,43.130.14.101
true,1744023411.9998,elite,189.2425895465,1732983025.7761,"AS14061 DigitalOcean, LLC",DIGITALOCEAN-ASN,"North Bergen","North America",NA,"United States",US,,true,"DigitalOcean, LLC",40.7964,-74.0203,false,"DigitalOcean, LLC",true,"New Jersey",success,America/New_York,07047,1743551342,1744023649.8785,8888,http,159.65.230.46:8888,false,180.82404136658,78304,67355,53.75843579868,159.65.230.46
true,1744023649.1785,elite,10860.933828652,1715567448.6027,"AS18779 EGIHosting",EGIHOSTING,"Santa Clara","North America",NA,"United States",US,,true,EGIHosting,37.3541,-121.9552,false,EGIHosting,true,California,success,America/Los_Angeles,95054,1743649393,1744023649.1785,3128,socks4,142.252.26.181:3128,true,10434.302330017,800,115996,0.6849549642111,142.252.26.181
true,1744023649.0403,transparent,7650.111352404,1743872300.3501,"AS20473 The Constant Company, LLC",AS-VULTR,Atlanta,"North America",NA,"United States",US,,true,"The Constant Company",33.7838,-84.4455,false,"Vultr Holdings, LLC",false,Georgia,success,America/New_York,30318,1743886752,1744023649.0403,31280,http,45.32.214.34:31280,false,4667.0324802399,96,1502,6.0075093867334,45.32.214.34
true,1744023648.7809,elite,598.10411896237,1743744288.8377,"AS132203 Tencent Building, Kejizhongyi Avenue",TENCENT-NET-AP-CN,"Santa Clara","North America",NA,"United States",US,,true,"Shenzhen Tencent Computer Systems Company Limited",37.3541,-121.9552,false,"Tencent Cloud Computing",false,California,success,America/Los_Angeles,,1743744290,1744023648.7809,13001,http,43.135.142.6:13001,false,749.62544441223,1761,1496,54.068160884249,43.135.142.6
true,1744023648.512,elite,617.80769928642,1743704518.2479,"AS132203 Tencent Building, Kejizhongyi Avenue",TENCENT-NET-AP-CN,"Santa Clara","North America",NA,"United States",US,,true,"Tencent Cloud Computing (Beijing) Co",37.353,-121.9544,false,,false,California,success,America/Los_Angeles,95052,1743704518,1744023648.512,13001,http,170.106.104.64:13001,false,472.28336334229,2323,1374,62.834730862862,170.106.104.64
true,1744023543.9024,elite,728.41105884791,1742752559.7222,"AS132203 Tencent Building, Kejizhongyi Avenue",TENCENT-NET-AP-CN,"Santa Clara","North America",NA,"United States",US,,true,"Shenzhen Tencent Computer Systems Company Limited",37.3541,-121.9552,false,"Tencent Cloud Computing",false,California,success,America/Los_Angeles,,1743962369,1744023648.5056,13001,http,43.153.106.210:13001,false,458.56475830078,8610,6480,57.057654075547,43.153.106.210
true,1744023589.4349,elite,706.49642031976,1742752472.5037,"AS132203 Tencent Building, Kejizhongyi Avenue",TENCENT-NET-AP-CN,"Santa Clara","North America",NA,"United States",US,,true,"Shenzhen Tencent Computer Systems Company Limited",37.3541,-121.9552,false,"Tencent Cloud Computing",false,California,success,America/Los_Angeles,,1743962248,1744023647.111,13001,http,43.153.100.6:13001,false,455.03115653992,8866,6226,58.746355685131,43.153.100.6
true,1744023646.1864,elite,605.89480612748,1743741892.6403,"AS132203 Tencent Building, Kejizhongyi Avenue",TENCENT-NET-AP-CN,"Santa Clara","North America",NA,"United States",US,,true,"Shenzhen Tencent Computer Systems Company Limited",37.3541,-121.9552,false,"Tencent Cloud Computing",false,California,success,America/Los_Angeles,,1743743283,1744023646.1864,13001,http,43.153.32.127:13001,false,304.10933494568,2018,1253,61.693671660043,43.153.32.127
true,1744023645.41,elite,653.31199835944,1743832549.9653,"AS45102 Alibaba (US) Technology Co., Ltd.",ALIBABA-CN-NET,Minkler,"North America",NA,"United States",US,,true,"Alibaba Cloud LLC",36.7783,-119.418,false,"Alibaba Cloud - US",false,California,success,America/Los_Angeles,,1743832550,1744023645.41,13001,http,47.254.88.250:13001,false,317.44027137756,969,1266,43.355704697987,47.254.88.250
true,1744023078.927,elite,637.23404039935,1743742042.9718,"AS132203 Tencent Building, Kejizhongyi Avenue",TENCENT-NET-AP-CN,"Los Angeles","North America",NA,"United States",US,,true,OPHL,34.0522,-118.2436,false,"Tencent cloud computing (Beijing) Co., Ltd.",false,California,success,America/Los_Angeles,,1743743078,1744023645.3737,13001,http,49.51.49.70:13001,false,318.1939125061,2147,1126,65.597311335167,49.51.49.70
true,1744023644.9011,elite,9330.2470099541,1742565971.6329,"AS749 DoD Network Information Center",DNIC-AS-00749,Whitehall,"North America",NA,"United States",US,,false,"DoD Network Information Center",39.9747,-82.8947,false,"DoD Network Information Center",false,Ohio,success,America/New_York,43218,1743789645,1744023644.9011,80,socks4,26.201.194.51:80,true,11900.858879089,31,7590,0.40677076499147,26.201.194.51
true,1744023643.1192,elite,10561.494847903,1731492798.9876,"AS22612 Namecheap, Inc.",NAMECHEAP-NET,Phoenix,"North America",NA,"United States",US,,true,"Namecheap, Inc.",33.4484,-112.074,false,"Namecheap, Inc.",true,Arizona,success,America/Phoenix,85001,1743932810,1744023643.1192,35313,socks4,66.29.128.244:35313,true,11389.754056931,104,24999,0.41429311237701,66.29.128.244
true,1744023642.9763,elite,10418.544757886,1715843740.2749,"AS22612 Namecheap, Inc.",NAMECHEAP-NET,Phoenix,"North America",NA,"United States",US,,true,"Namecheap, Inc.",33.4484,-112.074,false,"Namecheap, Inc.",true,Arizona,success,America/Phoenix,85001,1743836671,1744023642.9763,44842,socks4,66.29.128.243:44842,true,12297.702550888,712,116762,0.60609156068577,66.29.128.243
true,1744023578.9495,elite,193.52834268786,1730006221.6434,"AS14061 DigitalOcean, LLC",DIGITALOCEAN-ASN,"North Bergen","North America",NA,"United States",US,,true,"DigitalOcean, LLC",40.7964,-74.0203,false,"DigitalOcean, LLC",true,"New Jersey",success,America/New_York,07047,1743551316,1744023642.8129,3128,http,142.93.202.130:3128,false,181.32257461548,116934,74304,61.145797383365,142.93.202.130
true,1744023537.0595,elite,550.73084534571,1710558848.3051,"AS63949 Akamai Connected Cloud",AKAMAI-LINODE-AP,Fremont,"North America",NA,"United States",US,,true,"Akamai Technologies, Inc.",37.5625,-122.0004,false,Linode,false,California,success,America/Los_Angeles,94536,1743551321,1744023642.5351,8888,http,198.74.51.79:8888,false,340.6765460968,200612,318853,38.618963741542,198.74.51.79
true,1744023642.356,elite,5457.3023364892,1743197453.1944,"AS55286 B2 Net Solutions Inc.",SERVER-MANIA,Buffalo,"North America",NA,"United States",US,,true,"B2 Net Solutions Inc.",42.8943,-78.8736,false,"ServerMania Inc",true,"New York",success,America/New_York,14202,1743802749,1744023642.356,2335,http,38.152.72.171:2335,false,5611.7055416107,679,8458,7.4313231914195,38.152.72.171
true,1744023640.4876,elite,5534.3151025432,1743416034.2839,"AS55286 B2 Net Solutions Inc.",SERVER-MANIA,Buffalo,"North America",NA,"United States",US,,true,"B2 Net Solutions Inc.",42.8943,-78.8736,false,"ServerMania Inc",true,"New York",success,America/New_York,14202,1744021351,1744023640.4876,2335,http,38.152.72.213:2335,false,10106.555700302,533,6454,7.6284528409904,38.152.72.213
true,1744023640.0128,elite,549.96102195325,1743742132.7724,"AS132203 Tencent Building, Kejizhongyi Avenue",TENCENT-NET-AP-CN,"Santa Clara","North America",NA,"United States",US,,true,"Tencent Cloud Computing (Beijing) Co",37.353,-121.9544,false,,false,California,success,America/Los_Angeles,95052,1743742133,1744023640.0128,13001,http,170.106.151.90:13001,false,531.91208839417,2264,1017,69.003352636391,170.106.151.90
true,1744023390.9192,elite,647.44353730995,1743742158.4928,"AS132203 Tencent Building, Kejizhongyi Avenue",TENCENT-NET-AP-CN,"Santa Clara","North America",NA,"United States",US,,true,"Tencent Cloud Computing (Beijing) Co",37.353,-121.9544,false,,false,California,success,America/Los_Angeles,95052,1743744075,1744023638.9424,13001,http,170.106.83.59:13001,false,321.67363166809,2075,1193,63.494492044064,170.106.83.59
true,1744023638.8475,elite,624.8480171211,1743741702.8498,"AS132203 Tencent Building, Kejizhongyi Avenue",TENCENT-NET-AP-CN,"Santa Clara","North America",NA,"United States",US,,true,"Tencent Cloud Computing (Beijing) Co",37.353,-121.9544,false,,false,California,success,America/Los_Angeles,95052,1743742243,1744023638.8475,13001,http,170.106.195.109:13001,false,317.5847530365,2061,1221,62.797074954296,170.106.195.109
true,1744023423.289,elite,627.78676581639,1743741661.4875,"AS132203 Tencent Building, Kejizhongyi Avenue",TENCENT-NET-AP-CN,"Santa Clara","North America",NA,"United States",US,,true,"Shenzhen Tencent Computer Systems Company Limited",37.3541,-121.9552,false,"Tencent Cloud Computing",false,California,success,America/Los_Angeles,,1743741667,1744023638.3633,13001,http,43.130.16.61:13001,false,316.81823730469,2232,1050,68.00731261426,43.130.16.61
true,1744023637.9659,elite,651.26634434317,1743743356.1771,"AS132203 Tencent Building, Kejizhongyi Avenue",TENCENT-NET-AP-CN,"Santa Clara","North America",NA,"United States",US,,true,"Tencent Cloud Computing (Beijing) Co",37.353,-121.9544,false,,false,California,success,America/Los_Angeles,95052,1743743357,1744023637.9659,13001,http,170.106.153.160:13001,false,463.39821815491,2112,1155,64.646464646465,170.106.153.160
true,1744023637.0559,elite,4733.354434939,1710551197.4013,"AS20454 SECURED SERVERS LLC",SSASN2,Phoenix,"North America",NA,"United States",US,,true,"Secured Servers LLC",33.4532,-112.0748,false,"Prasanna Technologies",true,Arizona,success,America/Phoenix,85036,1743551670,1744023637.0559,80,http,108.170.12.12:80,false,4514.1546726227,39177,443271,8.1204606506815,108.170.12.12
true,1744023636.6902,transparent,4235.4209808219,1735644877.9738,"AS40676 Psychz Networks",AS40676,Walnut,"North America",NA,"United States",US,,true,"Psychz Networks",34.0431,-117.851,false,"Psychz Networks",true,California,success,America/Los_Angeles,91789,1743551340,1744023636.6902,7878,http,208.87.243.199:7878,false,1574.5108127594,51160,57286,47.175552809693,208.87.243.199
true,1744023636.4733,elite,624.08530155932,1743741887.9263,"AS132203 Tencent Building, Kejizhongyi Avenue",TENCENT-NET-AP-CN,"Santa Clara","North America",NA,"United States",US,,true,"Shenzhen Tencent Computer Systems Company Limited",37.3541,-121.9552,false,"Tencent Cloud Computing",false,California,success,America/Los_Angeles,,1743743017,1744023636.4733,13001,http,43.153.44.254:13001,false,309.70406532288,2079,1194,63.519706691109,43.153.44.254
true,1744023636.2873,elite,645.25241833356,1743703275.6468,"AS132203 Tencent Building, Kejizhongyi Avenue",TENCENT-NET-AP-CN,"Santa Clara","North America",NA,"United States",US,,true,"Tencent Cloud Computing (Beijing) Co",37.353,-121.9544,false,,false,California,success,America/Los_Angeles,95052,1743703277,1744023636.2873,13001,http,170.106.192.56:13001,false,335.05868911743,2326,1384,62.695417789757,170.106.192.56
true,1744023636.0317,elite,570.99015575875,1743742161.4769,"AS132203 Tencent Building, Kejizhongyi Avenue",TENCENT-NET-AP-CN,"Santa Clara","North America",NA,"United States",US,,true,"Shenzhen Tencent Computer Systems Company Limited",37.3541,-121.9552,false,"Tencent Cloud Computing",false,California,success,America/Los_Angeles,,1743742199,1744023636.0317,13001,http,43.159.134.243:13001,false,757.60221481323,2073,1207,63.201219512195,43.159.134.243
true,1744023357.3483,elite,646.90022073285,1743741317.7865,"AS132203 Tencent Building, Kejizhongyi Avenue",TENCENT-NET-AP-CN,"Santa Clara","North America",NA,"United States",US,,true,"Shenzhen Tencent Computer Systems Company Limited",37.3541,-121.9552,false,"Tencent Cloud Computing",false,California,success,America/Los_Angeles,,1743741890,1744023635.5795,13001,http,43.135.147.75:13001,false,452.90899276733,2099,1186,63.896499238965,43.135.147.75
true,1744023634.9995,elite,763.26507680403,1742749757.2268,"AS132203 Tencent Building, Kejizhongyi Avenue",TENCENT-NET-AP-CN,"Santa Clara","North America",NA,"United States",US,,true,"Shenzhen Tencent Computer Systems Company Limited",37.3541,-121.9552,false,"Tencent Cloud Computing",false,California,success,America/Los_Angeles,,1743959656,1744023634.9995,13001,http,43.153.88.171:13001,false,317.50392913818,9151,5950,60.59863585193,43.153.88.171
true,1744023438.1634,elite,739.96130908285,1742744877.0809,"AS132203 Tencent Building, Kejizhongyi Avenue",TENCENT-NET-AP-CN,"Santa Clara","North America",NA,"United States",US,,true,"Shenzhen Tencent Computer Systems Company Limited",37.3541,-121.9552,false,"Tencent Cloud Computing",false,California,success,America/Los_Angeles,,1743954556,1744023634.683,13001,http,43.153.66.252:13001,false,317.77596473694,8935,6238,58.887497528505,43.153.66.252
true,1744023588.5548,elite,646.25561429426,1743744703.3751,"AS132203 Tencent Building, Kejizhongyi Avenue",TENCENT-NET-AP-CN,"Santa Clara","North America",NA,"United States",US,,true,OPHL,37.353,-121.9544,false,"Tencent cloud computing (Beijing) Co., Ltd.",false,California,success,America/Los_Angeles,95052,1743744704,1744023634.3536,13001,http,49.51.198.19:13001,false,737.07604408264,2110,1143,64.863203197049,49.51.198.19
true,1744023543.2748,elite,635.19192982092,1743704832.6368,"AS132203 Tencent Building, Kejizhongyi Avenue",TENCENT-NET-AP-CN,"Santa Clara","North America",NA,"United States",US,,true,"Shenzhen Tencent Computer Systems Company Limited",37.3541,-121.9552,false,"Tencent Cloud Computing",false,California,success,America/Los_Angeles,,1743704833,1744023631.8069,13001,http,43.130.58.145:13001,false,454.6480178833,2307,1385,62.486457204767,43.130.58.145
true,1744023629.1895,elite,5801.7354607582,1743355043.7014,"AS55286 B2 Net Solutions Inc.",SERVER-MANIA,Buffalo,"North America",NA,"United States",US,,true,"B2 Net Solutions Inc.",42.8943,-78.8736,false,"ServerMania Inc",true,"New York",success,America/New_York,14202,1743480596,1744023629.1895,2335,socks4,38.154.15.40:2335,true,12947.171926498,8,2705,0.29487652045706,38.154.15.40
true,1744023348.0795,elite,745.00729620913,1742762063.3425,"AS132203 Tencent Building, Kejizhongyi Avenue",TENCENT-NET-AP-CN,"Santa Clara","North America",NA,"United States",US,,true,"Shenzhen Tencent Computer Systems Company Limited",37.3541,-121.9552,false,"Tencent Cloud Computing",false,California,success,America/Los_Angeles,,1743971770,1744023628.1617,13001,http,43.153.8.210:13001,false,327.32915878296,8495,6463,56.792351918706,43.153.8.210
true,1744023627.9844,elite,642.05464221082,1743742753.6632,"AS132203 Tencent Building, Kejizhongyi Avenue",TENCENT-NET-AP-CN,"Santa Clara","North America",NA,"United States",US,,true,"Shenzhen Tencent Computer Systems Company Limited",37.3541,-121.9552,false,"Tencent Cloud Computing",false,California,success,America/Los_Angeles,,1743743205,1744023627.9844,13001,http,43.130.12.5:13001,false,318.97807121277,2028,1242,62.018348623853,43.130.12.5
true,1744023624.86,elite,690.31630642672,1742762478.8344,"AS132203 Tencent Building, Kejizhongyi Avenue",TENCENT-NET-AP-CN,"Santa Clara","North America",NA,"United States",US,,true,"Shenzhen Tencent Computer Systems Company Limited",37.3541,-121.9552,false,"Tencent Cloud Computing",false,California,success,America/Los_Angeles,,1743972121,1744023626.2407,13001,http,43.153.7.172:13001,false,756.89196586609,9235,5725,61.73128342246,43.153.7.172
true,1744023624.9333,elite,5835.1458091946,1743418563.7843,"AS55286 B2 Net Solutions Inc.",SERVER-MANIA,Buffalo,"North America",NA,"United States",US,,true,"B2 Net Solutions Inc.",42.8943,-78.8736,false,"ServerMania Inc",true,"New York",success,America/New_York,14202,1744023635,1744023624.9333,2335,http,38.152.72.198:2335,false,9465.268611908,544,6312,7.9346557759627,38.152.72.198
true,1744023581.3092,elite,665.67452277666,1743806394.4956,"AS132203 Tencent Building, Kejizhongyi Avenue",TENCENT-NET-AP-CN,"Santa Clara","North America",NA,"United States",US,,true,"Shenzhen Tencent Computer Systems Company Limited",37.3541,-121.9552,false,"Tencent Cloud Computing",false,California,success,America/Los_Angeles,,1743806395,1744023619.395,13001,http,43.153.4.121:13001,false,543.76292228699,1620,928,63.579277864992,43.153.4.121
true,1744023619.3876,elite,4046.2175954949,1721930600.0253,"AS14061 DigitalOcean, LLC",DIGITALOCEAN-ASN,"North Bergen","North America",NA,"United States",US,,true,"DigitalOcean, LLC",40.7964,-74.0203,false,"DigitalOcean, LLC",true,"New Jersey",success,America/New_York,07047,1743705684,1744023619.3876,80,http,161.35.49.68:80,false,14528.996706009,39817,245944,13.933671844653,161.35.49.68
true,1744023398.2218,elite,615.44073619872,1743743705.4387,"AS132203 Tencent Building, Kejizhongyi Avenue",TENCENT-NET-AP-CN,"Santa Clara","North America",NA,"United States",US,,true,OPHL,37.353,-121.9544,false,"Tencent cloud computing (Beijing) Co., Ltd.",false,California,success,America/Los_Angeles,95052,1743743707,1744023618.8195,13001,http,49.51.250.156:13001,false,316.6356086731,1911,1349,58.61963190184,49.51.250.156
true,1744023389.003,elite,606.30018639663,1743744027.9606,"AS132203 Tencent Building, Kejizhongyi Avenue",TENCENT-NET-AP-CN,"Santa Clara","North America",NA,"United States",US,,true,"Shenzhen Tencent Computer Systems Company Limited",37.3541,-121.9552,false,"Tencent Cloud Computing",false,California,success,America/Los_Angeles,,1743744029,1744023618.4998,13001,http,43.153.79.36:13001,false,320.476770401,1936,1323,59.404725375882,43.153.79.36
true,1744023617.9152,elite,4424.0740384532,1710566116.4921,"AS14061 DigitalOcean, LLC",DIGITALOCEAN-ASN,"Santa Clara","North America",NA,"United States",US,,true,"DigitalOcean, LLC",37.3419,-121.9754,false,"DigitalOcean, LLC",true,California,success,America/Los_Angeles,95051,1743551511,1744023617.9152,80,http,138.68.235.51:80,false,3087.954044342,119453,375853,24.117010494523,138.68.235.51
true,1744023617.2247,elite,542.79721684817,1743703907.9968,"AS132203 Tencent Building, Kejizhongyi Avenue",TENCENT-NET-AP-CN,"Santa Clara","North America",NA,"United States",US,,true,"Shenzhen Tencent Computer Systems Company Limited",37.3541,-121.9552,false,"Tencent Cloud Computing",false,California,success,America/Los_Angeles,,1743703909,1744023617.2247,13001,http,43.159.133.199:13001,false,684.87000465393,2618,1085,70.69943289225,43.159.133.199
true,1744023616.1867,elite,5601.0492459508,1743310079.2688,"AS55286 B2 Net Solutions Inc.",SERVER-MANIA,Buffalo,"North America",NA,"United States",US,,true,"B2 Net Solutions Inc.",42.8943,-78.8736,false,"ServerMania Inc",true,"New York",success,America/New_York,14202,1743915022,1744023616.1867,2335,http,38.152.72.136:2335,false,920.96829414368,655,7526,8.0063561911747,38.152.72.136
true,1744023510.9801,elite,612.68439261457,1743743068.7077,"AS132203 Tencent Building, Kejizhongyi Avenue",TENCENT-NET-AP-CN,"Santa Clara","North America",NA,"United States",US,,true,OPHL,37.353,-121.9544,false,"Tencent cloud computing (Beijing) Co., Ltd.",false,California,success,America/Los_Angeles,95052,1743743070,1744023615.9161,13001,http,49.51.200.62:13001,false,318.37129592896,1971,1300,60.256802201162,49.51.200.62
true,1744023615.0535,elite,10283.159596989,1716710416.2397,"AS13213 UK-2 Limited",UK2NET-AS,"New York","North America",NA,"United States",US,,true,"UK-2 Limited",40.7126,-74.0066,false,"Hosting Services, Inc.",true,"New York",success,America/New_York,10004,1744012518,1744023615.0535,35227,socks4,67.213.212.54:35227,true,17629.928350449,417,76179,0.54441485195049,67.213.212.54
true,1744023237.58,elite,608.86952229488,1743702477.8153,"AS132203 Tencent Building, Kejizhongyi Avenue",TENCENT-NET-AP-CN,"Santa Clara","North America",NA,"United States",US,,true,"Shenzhen Tencent Computer Systems Company Limited",37.3541,-121.9552,false,"Tencent Cloud Computing",false,California,success,America/Los_Angeles,,1743702479,1744023614.6248,13001,http,43.135.149.110:13001,false,307.47294425964,2430,1289,65.340145200323,43.135.149.110
true,1744023354.6388,elite,708.12175353275,1742742752.4709,"AS132203 Tencent Building, Kejizhongyi Avenue",TENCENT-NET-AP-CN,"Santa Clara","North America",NA,"United States",US,,true,"Shenzhen Tencent Computer Systems Company Limited",37.3541,-121.9552,false,"Tencent Cloud Computing",false,California,success,America/Los_Angeles,,1743952440,1744023614.1105,13001,http,43.153.27.172:13001,false,318.8214302063,9341,5868,61.417581695049,43.153.27.172
true,1744023581.9052,elite,612.581726119,1743742508.771,"AS132203 Tencent Building, Kejizhongyi Avenue",TENCENT-NET-AP-CN,"Santa Clara","North America",NA,"United States",US,,true,"Shenzhen Tencent Computer Systems Company Limited",37.3541,-121.9552,false,"Tencent Cloud Computing",false,California,success,America/Los_Angeles,,1743742509,1744023612.3719,13001,http,43.135.138.66:13001,false,304.55589294434,2087,1190,63.686298443699,43.135.138.66
true,1744023497.0577,elite,825.86895588752,1742743564.6149,"AS132203 Tencent Building, Kejizhongyi Avenue",TENCENT-NET-AP-CN,"Santa Clara","North America",NA,"United States",US,,true,"Shenzhen Tencent Computer Systems Company Limited",37.3541,-121.9552,false,"Tencent Cloud Computing",false,California,success,America/Los_Angeles,,1743953231,1744023611.8002,13001,http,43.153.61.52:13001,false,311.14983558655,9040,6139,59.555965478622,43.153.61.52
true,1744023611.0995,elite,668.59678689969,1743704810.8721,"AS132203 Tencent Building, Kejizhongyi Avenue",TENCENT-NET-AP-CN,"Santa Clara","North America",NA,"United States",US,,true,"Tencent Cloud Computing (Beijing) Co",37.353,-121.9544,false,,false,California,success,America/Los_Angeles,95052,1743704811,1744023611.0995,13001,http,170.106.75.98:13001,false,754.6546459198,2285,1406,61.90734218369,170.106.75.98
true,1744023608.7192,elite,5562.3000621796,1743198701.2389,"AS55286 B2 Net Solutions Inc.",SERVER-MANIA,Buffalo,"North America",NA,"United States",US,,true,"B2 Net Solutions Inc.",42.8943,-78.8736,false,"ServerMania Inc",true,"New York",success,America/New_York,14202,1743804049,1744023608.7192,2335,http,38.152.72.153:2335,false,1515.6478881836,700,8523,7.5897213488019,38.152.72.153
true,1744023327.6814,elite,669.09067110699,1743744324.3576,"AS132203 Tencent Building, Kejizhongyi Avenue",TENCENT-NET-AP-CN,"Santa Clara","North America",NA,"United States",US,,true,"Tencent Cloud Computing (Beijing) Co",37.353,-121.9544,false,,false,California,success,America/Los_Angeles,95052,1743744325,1744023608.5542,13001,http,170.106.84.6:13001,false,736.41109466553,2228,1028,68.427518427518,170.106.84.6
true,1744023044.9927,elite,706.12114771784,1743704389.6857,"AS132203 Tencent Building, Kejizhongyi Avenue",TENCENT-NET-AP-CN,"Santa Clara","North America",NA,"United States",US,,true,"Tencent Cloud Computing (Beijing) Co",37.353,-121.9544,false,,false,California,success,America/Los_Angeles,95052,1743704391,1744023608.5498,13001,http,170.106.173.107:13001,false,307.88087844849,2468,1229,66.75682986205,170.106.173.107
true,1744023608.3914,elite,10349.31917316,1722880197.9342,"AS13213 UK-2 Limited",UK2NET-AS,"New York","North America",NA,"United States",US,,true,"UK-2 Limited",40.7126,-74.0066,false,"Hosting Services, Inc.",true,"New York",success,America/New_York,10004,1743544596,1744023608.3914,59643,socks4,67.213.212.36:59643,true,12952.708959579,190,38540,0.49057578104828,67.213.212.36
true,1744023557.4005,elite,5862.0207742883,1710550462.4245,"AS8075 Microsoft Corporation",MICROSOFT-CORP-MSN-AS-BLOCK,"San Francisco","North America",NA,"United States",US,,true,"Microsoft Corporation",37.783,-122.417,false,"Microsoft Azure Cloud (westus)",true,California,success,America/Los_Angeles,94109,1743551804,1744023604.5781,80,http,138.91.159.185:80,false,4349.0147590637,100357,406673,19.79310888902,138.91.159.185
true,1744023604.0067,elite,677.68939065522,1743702297.1137,"AS132203 Tencent Building, Kejizhongyi Avenue",TENCENT-NET-AP-CN,"Los Angeles","North America",NA,"United States",US,,true,OPHL,34.0522,-118.2436,false,"Tencent cloud computing (Beijing) Co., Ltd.",false,California,success,America/Los_Angeles,,1743702298,1744023604.0067,13001,http,49.51.180.75:13001,false,739.84432220459,2320,1400,62.365591397849,49.51.180.75
true,1744023602.7609,elite,6056.2076568604,1743040004.6081,"AS21782 Plateau Telecommunications Incorporated",PLATEAU,Clovis,"North America",NA,"United States",US,,false,"Plateau Telecommunications Incorporated",34.4129,-103.2199,false,"Symmetric Systems LLC",false,"New Mexico",success,America/Denver,88101,1743644859,1744023602.7609,4669,http,207.246.234.115:4669,false,4727.9224395752,1009,10446,8.8083806198167,207.246.234.115
true,1744023602.7543,elite,10454.428265077,1719260347.3087,"AS2914 NTT America, Inc.",NTT-DATA-2914,"New York","North America",NA,"United States",US,,false,"NTT America, Inc.",40.7128,-74.006,false,"Web2Objects LLC",true,"New York",success,America/New_York,10123,1743536810,1744023602.7543,5637,socks4,142.147.129.28:5637,true,14649.664878845,407,83059,0.48762370306472,142.147.129.28
true,1744023602.2443,elite,710.3751885063,1742742795.5525,"AS132203 Tencent Building, Kejizhongyi Avenue",TENCENT-NET-AP-CN,"Santa Clara","North America",NA,"United States",US,,true,"Shenzhen Tencent Computer Systems Company Limited",37.3541,-121.9552,false,"Tencent Cloud Computing",false,California,success,America/Los_Angeles,,1743952493,1744023602.2443,13001,http,43.153.35.252:13001,false,763.9012336731,8135,7062,53.530302033296,43.153.35.252
true,1744023600.2749,elite,748.599451779,1742753536.3909,"AS132203 Tencent Building, Kejizhongyi Avenue",TENCENT-NET-AP-CN,"Santa Clara","North America",NA,"United States",US,,true,"Aceville Pte.ltd",37.3541,-121.9552,false,,false,California,success,America/Los_Angeles,,1743963200,1744023600.2749,13001,http,43.153.103.58:13001,false,743.13688278198,9046,6043,59.950957651269,43.153.103.58
true,1744023598.9136,elite,670.4897215754,1743742692.0785,"AS132203 Tencent Building, Kejizhongyi Avenue",TENCENT-NET-AP-CN,"Santa Clara","North America",NA,"United States",US,,true,OPHL,37.353,-121.9544,false,"Tencent cloud computing (Beijing) Co., Ltd.",false,California,success,America/Los_Angeles,95052,1743742790,1744023598.9136,13001,http,49.51.242.247:13001,false,319.61011886597,2203,1070,67.308279865567,49.51.242.247
true,1744018560.807,elite,2204.2826732874,1741302956.4732,"AS14618 Amazon.com, Inc.",AMAZON-AES,Ashburn,"North America",NA,"United States",US,,true,Amazon.com,39.0438,-77.4874,false,"AWS EC2 (us-east-1)",true,Virginia,success,America/New_York,20149,1743722596,1744023598.7075,8118,http,44.215.100.135:8118,false,218.75619888306,17098,7176,70.437505149543,44.215.100.135
true,1744023373.1668,elite,628.67509868256,1743742176.042,"AS132203 Tencent Building, Kejizhongyi Avenue",TENCENT-NET-AP-CN,"Santa Clara","North America",NA,"United States",US,,true,"Shenzhen Tencent Computer Systems Company Limited",37.3541,-121.9552,false,"Tencent Cloud Computing",false,California,success,America/Los_Angeles,,1743743111,1744023598.0967,13001,http,43.135.136.234:13001,false,735.44549942017,2064,1210,63.042150274893,43.135.136.234
true,1744023512.2873,elite,950.52448477156,1730218086.8192,"AS45102 Alibaba (US) Technology Co., Ltd.",ALIBABA-CN-NET,Minkler,"North America",NA,"United States",US,,true,"Alibaba (US) Technology Co., Ltd.",36.7783,-119.418,false,"Alibaba.com LLC",true,California,success,America/Los_Angeles,,1743551522,1744023597.9804,82,http,47.88.59.79:82,false,304.59380149841,113485,74715,60.300212539851,47.88.59.79
true,1744023532.7745,transparent,3935.0459095817,1742885703.9174,"AS8075 Microsoft Corporation",MICROSOFT-CORP-MSN-AS-BLOCK,"San Francisco","North America",NA,"United States",US,,true,"Microsoft Corporation",37.783,-122.417,false,"Microsoft Azure Cloud (westus)",false,California,success,America/Los_Angeles,94109,1743503128,1744023597.8121,3128,http,104.42.10.253:3128,false,330.21759986877,636,5204,10.890410958904,104.42.10.253
true,1744023596.8956,elite,653.49290972213,1743742838.7738,"AS132203 Tencent Building, Kejizhongyi Avenue",TENCENT-NET-AP-CN,"Santa Clara","North America",NA,"United States",US,,true,"Shenzhen Tencent Computer Systems Company Limited",37.3541,-121.9552,false,"Tencent Cloud Computing",false,California,success,America/Los_Angeles,,1743742839,1744023596.8956,13001,http,43.135.177.13:13001,false,314.41640853882,1940,1332,59.290953545232,43.135.177.13
true,1744023596.4262,elite,636.242939868,1743703388.1375,"AS132203 Tencent Building, Kejizhongyi Avenue",TENCENT-NET-AP-CN,"Santa Clara","North America",NA,"United States",US,,true,"Shenzhen Tencent Computer Systems Company Limited",37.3541,-121.9552,false,"Tencent Cloud Computing",false,California,success,America/Los_Angeles,,1743703388,1744023596.4262,13001,http,43.135.173.91:13001,false,305.36389350891,2389,1319,64.428263214671,43.135.173.91
true,1744023391.9878,elite,643.04097052197,1743067251.8188,"AS132203 Tencent Building, Kejizhongyi Avenue",TENCENT-NET-AP-CN,"Santa Clara","North America",NA,"United States",US,,true,"Shenzhen Tencent Computer Systems Company Limited",37.3541,-121.9552,false,"Tencent Cloud Computing",false,California,success,America/Los_Angeles,,1743672415,1744023595.8937,13001,http,43.153.99.175:13001,false,738.50178718567,5943,5247,53.109919571046,43.153.99.175
true,1744023577.9907,elite,618.69790728596,1743701603.6617,"AS132203 Tencent Building, Kejizhongyi Avenue",TENCENT-NET-AP-CN,"Santa Clara","North America",NA,"United States",US,,true,"Shenzhen Tencent Computer Systems Company Limited",37.3541,-121.9552,false,"Tencent Cloud Computing",false,California,success,America/Los_Angeles,,1743701605,1744023594.8328,13001,http,43.159.130.134:13001,false,301.26643180847,2404,1323,64.502280654682,43.159.130.134
true,1744023593.8258,elite,5585.5421326685,1743200166.4213,"AS55286 B2 Net Solutions Inc.",SERVER-MANIA,Buffalo,"North America",NA,"United States",US,,true,"B2 Net Solutions Inc.",42.8943,-78.8736,false,"ServerMania Inc",true,"New York",success,America/New_York,14202,1743805501,1744023593.8258,2335,http,38.152.72.225:2335,false,7953.8552761078,705,8734,7.4690115478335,38.152.72.225
true,1744023441.3696,elite,632.11700841754,1743701777.5933,"AS132203 Tencent Building, Kejizhongyi Avenue",TENCENT-NET-AP-CN,"Santa Clara","North America",NA,"United States",US,,true,"Shenzhen Tencent Computer Systems Company Limited",37.3541,-121.9552,false,"Tencent Cloud Computing",true,California,success,America/Los_Angeles,,1743701778,1744023586.4116,13001,http,43.159.148.136:13001,false,736.30380630493,2463,1262,66.120805369128,43.159.148.136
true,1744023582.8919,elite,4592.841091485,1710568018.8939,"AS14061 DigitalOcean, LLC",DIGITALOCEAN-ASN,Clifton,"North America",NA,"United States",US,,true,"DigitalOcean, LLC",40.8364,-74.1403,false,"Digital Ocean",true,"New Jersey",success,America/New_York,07014,1743551333,1744023582.8919,80,http,138.197.102.119:80,false,2014.4193172455,82311,411863,16.656278962471,138.197.102.119
true,1744023459.7403,elite,567.05999827025,1743701540.8076,"AS132203 Tencent Building, Kejizhongyi Avenue",TENCENT-NET-AP-CN,"Santa Clara","North America",NA,"United States",US,,true,"Shenzhen Tencent Computer Systems Company Limited",37.3541,-121.9552,false,"Tencent Cloud Computing",false,California,success,America/Los_Angeles,,1743701541,1744023580.5658,13001,http,43.135.147.140:13001,false,757.7600479126,2581,1147,69.232832618026,43.135.147.140
true,1744023576.7425,elite,595.82762942156,1743742287.7783,"AS132203 Tencent Building, Kejizhongyi Avenue",TENCENT-NET-AP-CN,"Santa Clara","North America",NA,"United States",US,,true,"Shenzhen Tencent Computer Systems Company Limited",37.3541,-121.9552,false,"Tencent Cloud Computing",false,California,success,America/Los_Angeles,,1743743261,1744023576.7425,13001,http,43.153.113.65:13001,false,751.93881988525,2044,1224,62.545899632803,43.153.113.65
true,1744023446.1923,elite,662.59007184453,1743741744.4591,"AS132203 Tencent Building, Kejizhongyi Avenue",TENCENT-NET-AP-CN,"Santa Clara","North America",NA,"United States",US,,true,"Tencent Cloud Computing (Beijing) Co",37.353,-121.9544,false,,false,California,success,America/Los_Angeles,95052,1743743101,1744023575.6664,13001,http,170.106.196.226:13001,false,309.78631973267,2035,1239,62.156383628589,170.106.196.226
true,1744023430.7818,elite,598.98330925766,1743749662.0166,"AS132203 Tencent Building, Kejizhongyi Avenue",TENCENT-NET-AP-CN,"Santa Clara","North America",NA,"United States",US,,true,"Shenzhen Tencent Computer Systems Company Limited",37.3541,-121.9552,false,"Tencent Cloud Computing",false,California,success,America/Los_Angeles,,1743749665,1744023569.9279,13001,http,43.135.181.48:13001,false,738.13986778259,1901,1296,59.461995620895,43.135.181.48
true,1744023529.1865,elite,743.85793479194,1742736853.0641,"AS132203 Tencent Building, Kejizhongyi Avenue",TENCENT-NET-AP-CN,"Santa Clara","North America",NA,"United States",US,,true,"Shenzhen Tencent Computer Systems Company Limited",37.3541,-121.9552,false,"Tencent Cloud Computing",false,California,success,America/Los_Angeles,,1743946561,1744023568.1176,13001,http,43.153.21.33:13001,false,2154.7660827637,8545,6716,55.992398925365,43.153.21.33
true,1744023568.0611,elite,610.61705443939,1743741328.7237,"AS132203 Tencent Building, Kejizhongyi Avenue",TENCENT-NET-AP-CN,"Santa Clara","North America",NA,"United States",US,,true,"Shenzhen Tencent Computer Systems Company Limited",37.3541,-121.9552,false,"Tencent Cloud Computing",false,California,success,America/Los_Angeles,,1743742426,1744023568.0611,13001,http,43.153.27.248:13001,false,319.59223747253,2152,1129,65.58975921975,43.153.27.248
true,1744023567.6814,elite,5127.4133546881,1710550625.304,"AS14061 DigitalOcean, LLC",DIGITALOCEAN-ASN,"North Bergen","North America",NA,"United States",US,,true,"DigitalOcean, LLC",40.7964,-74.0203,false,"Digital Ocean",true,"New Jersey",success,America/New_York,07047,1743551589,1744023567.6814,80,http,167.99.236.14:80,false,3383.61287117,99357,358260,21.711824517009,167.99.236.14
true,1744023566.438,elite,648.96553230991,1743724551.4297,"AS132203 Tencent Building, Kejizhongyi Avenue",TENCENT-NET-AP-CN,"Santa Clara","North America",NA,"United States",US,,true,"Shenzhen Tencent Computer Systems Company Limited",37.3541,-121.9552,false,"Tencent Cloud Computing",false,California,success,America/Los_Angeles,,1743724552,1744023566.438,13001,http,43.159.132.166:13001,false,1734.546661377,2162,1311,62.251655629139,43.159.132.166
true,1744023566.2432,elite,763.99761135493,1742739782.227,"AS132203 Tencent Building, Kejizhongyi Avenue",TENCENT-NET-AP-CN,"Santa Clara","North America",NA,"United States",US,,true,"Shenzhen Tencent Computer Systems Company Limited",37.3541,-121.9552,false,"Tencent Cloud Computing",false,California,success,America/Los_Angeles,,1743949429,1744023566.2432,13001,http,43.153.25.42:13001,false,475.2562046051,8167,7063,53.624425476034,43.153.25.42
true,1744023561.484,elite,4738.7538143242,1727613206.0352,"AS393886 Leaseweb USA, Inc.",LEASEWEB-USA-MIA,Miami,"North America",NA,"United States",US,,true,"Leaseweb USA, Inc.",25.7701,-80.1928,false,"Leaseweb USA, Inc",true,Florida,success,America/New_York,33197,1743551385,1744023561.484,80,http,23.82.137.157:80,false,10215.407133102,73126,152471,32.414438135259,23.82.137.157
true,1744023497.2659,elite,724.33925086152,1742747164.9917,"AS132203 Tencent Building, Kejizhongyi Avenue",TENCENT-NET-AP-CN,"Santa Clara","North America",NA,"United States",US,,true,"Shenzhen Tencent Computer Systems Company Limited",37.3541,-121.9552,false,"Tencent Cloud Computing",false,California,success,America/Los_Angeles,,1743956842,1744023551.4683,13001,http,43.153.85.209:13001,false,737.49017715454,8408,6727,55.553353154939,43.153.85.209
true,1744023547.3401,elite,763.85986734964,1742752402.5184,"AS132203 Tencent Building, Kejizhongyi Avenue",TENCENT-NET-AP-CN,"Santa Clara","North America",NA,"United States",US,,true,"Shenzhen Tencent Computer Systems Company Limited",37.3541,-121.9552,false,"Tencent Cloud Computing",false,California,success,America/Los_Angeles,,1743962047,1744023547.3401,13001,http,43.153.94.8:13001,false,453.34219932556,7834,7233,51.994424902104,43.153.94.8
true,1744023543.5755,elite,671.39880758924,1743745614.4602,"AS132203 Tencent Building, Kejizhongyi Avenue",TENCENT-NET-AP-CN,"Santa Clara","North America",NA,"United States",US,,true,"Shenzhen Tencent Computer Systems Company Limited",37.3541,-121.9552,false,"Tencent Cloud Computing",false,California,success,America/Los_Angeles,,1743745615,1744023543.5755,13001,http,43.135.180.61:13001,false,1339.958190918,2039,1202,62.912681271213,43.135.180.61
true,1744023542.7667,transparent,9714.6143551605,1741563009.8984,"AS14061 DigitalOcean, LLC",DIGITALOCEAN-ASN,"Santa Clara","North America",NA,"United States",US,,true,"DigitalOcean, LLC",37.3931,-121.962,false,"DigitalOcean, LLC",false,California,success,America/Los_Angeles,95054,1743982456,1744023542.7667,8080,http,24.144.94.90:8080,false,12581.952095032,3072,22833,11.858714533874,24.144.94.90
true,1744023447.3796,elite,589.16506971659,1743704098.9471,"AS132203 Tencent Building, Kejizhongyi Avenue",TENCENT-NET-AP-CN,"Santa Clara","North America",NA,"United States",US,,true,"Shenzhen Tencent Computer Systems Company Limited",37.3541,-121.9552,false,"Tencent Cloud Computing",false,California,success,America/Los_Angeles,,1743704099,1744023541.9258,13001,http,43.153.76.64:13001,false,305.3514957428,2543,1149,68.878656554713,43.153.76.64
true,1744023539.3198,transparent,6530.4955670042,1710543552.8612,"AS11492 CABLE ONE, INC.",CABLEONE,"Long Beach","North America",NA,"United States",US,,false,"CABLE ONE, INC.",30.3557,-89.1655,false,Sparklight,true,Mississippi,success,America/Chicago,39560,1743551530,1744023539.3198,8080,http,160.3.168.70:8080,false,6056.7395687103,31777,481157,6.1951440146296,160.3.168.70
true,1744023535.1983,elite,5341.1547955318,1743037098.8358,"AS395839 HOSTKEY",HOSTKEY-USA,"New York","North America",NA,"United States",US,,true,HOSTKEY,40.7126,-74.0066,false,HOSTKEY,false,"New York",success,America/New_York,10118,1743642007,1744023535.1983,8443,http,80.209.243.231:8443,false,4901.7159938812,523,9469,5.2341873498799,80.209.243.231
true,1744023510.7082,elite,626.75687260534,1743743504.283,"AS132203 Tencent Building, Kejizhongyi Avenue",TENCENT-NET-AP-CN,"Santa Clara","North America",NA,"United States",US,,true,"Tencent Cloud Computing (Beijing) Co",37.353,-121.9544,false,,false,California,success,America/Los_Angeles,95052,1743743505,1744023510.7082,13001,http,170.106.84.182:13001,false,736.54651641846,2187,1078,66.98315467075,170.106.84.182
true,1744023122.3606,elite,314.73611765686,1722396711.3663,"AS19084 ColoUp",COLOUP,Buffalo,"North America",NA,"United States",US,,true,ColoUp,42.8864,-78.8781,false,ColoUp,true,"New York",success,America/New_York,14202,1743566865,1744023496.6981,80,http,162.223.90.130:80,false,287.034034729,298183,12626,95.937698071806,162.223.90.130
true,1744023365.6405,elite,570.17248787375,1743751615.1915,"AS132203 Tencent Building, Kejizhongyi Avenue",TENCENT-NET-AP-CN,"Santa Clara","North America",NA,"United States",US,,true,"Shenzhen Tencent Computer Systems Company Limited",37.3541,-121.9552,false,"Tencent Cloud Computing",false,California,success,America/Los_Angeles,,1743751705,1744023476.6601,13001,http,43.153.48.134:13001,false,318.73607635498,1973,1202,62.141732283465,43.153.48.134
true,1744023297.3468,elite,622.25866962124,1743744464.3804,"AS132203 Tencent Building, Kejizhongyi Avenue",TENCENT-NET-AP-CN,"Santa Clara","North America",NA,"United States",US,,true,"Shenzhen Tencent Computer Systems Company Limited",37.3541,-121.9552,false,"Tencent Cloud Computing",false,California,success,America/Los_Angeles,,1743744465,1744023476.6067,13001,http,43.135.144.61:13001,false,474.46393966675,2109,1145,64.812538414259,43.135.144.61
true,1744022791.5722,elite,636.53603357124,1743744395.8725,"AS132203 Tencent Building, Kejizhongyi Avenue",TENCENT-NET-AP-CN,"Santa Clara","North America",NA,"United States",US,,true,OPHL,37.353,-121.9544,false,"Tencent cloud computing (Beijing) Co., Ltd.",false,California,success,America/Los_Angeles,95052,1743744396,1744023475.3721,13001,http,49.51.204.163:13001,false,473.17481040955,2129,1125,65.427166564229,49.51.204.163
true,1744011438.9878,elite,9504.0704513851,1740784986.9495,"AS33387 Nocix, LLC",NOCIX,"Kansas City","North America",NA,"United States",US,"Crossroads Arts District",true,"Nocix, LLC",39.0945,-94.5812,false,"sutejo, dian",true,Missouri,success,America/Chicago,64116,1744007385,1744011438.9878,2254,socks4,192.151.150.174:2254,true,11108.934879303,38,10637,0.3559718969555,192.151.150.174
true,1743966078.3192,elite,10284.154629523,1723302831.5155,"AS19437 SECURED SERVERS LLC",SS-ASH,Ashburn,"North America",NA,"United States",US,,true,"Secured Servers LLC",39.0469,-77.4903,false,"Secured Servers LLC",true,Virginia,success,America/New_York,20149,1743432258,1743966078.3192,32100,socks4,104.254.238.122:32100,true,986.8745803833,387,83161,0.46320677933643,104.254.238.122
true,1743960604.1792,elite,1044.2481716521,1696986791.5261,"AS46562 Performive LLC",PERFORMIVE,Atlanta,"North America",NA,"United States",US,Fairlie-Poplar,true,"Performive LLC",33.7549,-84.3897,false,"Total Server Solutions L.L.C",true,Georgia,success,America/New_York,30303,1743836442,1743960604.1792,4145,socks4,198.8.94.170:4145,true,693.02582740784,141510,295560,32.376964788249,198.8.94.170
true,1743957418.4155,elite,10194.637735418,1722401954.5592,"AS7018 AT&T Services, Inc.",ATT-INTERNET4,Central,"North America",NA,"United States",US,,false,"AT&T Services, Inc.",34.7243,-82.7812,false,"AT&T Corp",false,"South Carolina",success,America/New_York,29630,1743608903,1743957418.4155,1337,socks4,108.192.151.217:1337,true,11678.607463837,298,61467,0.48247389298146,108.192.151.217
true,1743955231.9921,elite,10999.022430532,1738243655.5536,"AS7922 Comcast Cable Communications, LLC",COMCAST-7922,Detroit,"North America",NA,"United States",US,,false,"Comcast Cable Communications, LLC",42.3575,-83.2162,false,"Comcast Cable Communications, Inc.",false,Michigan,success,America/Detroit,48228,1743428073,1743955231.9921,1549,socks4,98.243.124.196:1549,true,10442.462444305,85,20630,0.41033067825247,98.243.124.196
true,1743949857.5071,elite,990.77899476345,1696985355.6803,"AS46562 Performive LLC",PERFORMIVE,Atlanta,"North America",NA,"United States",US,Fairlie-Poplar,true,"Total Server Solutions L.L.C.",33.755,-84.3896,false,"Sharktek Consulting LLC",true,Georgia,success,America/New_York,30303,1743875811,1743949857.5071,18762,socks4,192.111.137.37:18762,true,657.09757804871,140689,269267,34.318073159071,192.111.137.37
true,1743927503.2842,elite,9465.6776364569,1712210829.5523,"AS19318 Interserver, Inc",IS-AS-1,Secaucus,"North America",NA,"United States",US,,true,"Interserver, Inc",40.7862,-74.0743,false,"Interserver, Inc",true,"New Jersey",success,America/New_York,07094,1743831161,1743927503.2842,36138,socks4,209.159.153.21:36138,true,11865.192890167,839,112458,0.74053152334131,209.159.153.21
true,1743921080.9927,elite,10593.806475726,1722404388.0476,"AS749 DoD Network Information Center",DNIC-AS-00749,Whitehall,"North America",NA,"United States",US,,false,"DoD Network Information Center",39.9747,-82.8947,false,"DoD Network Information Center",false,Ohio,success,America/New_York,43218,1743570894,1743921080.9927,8080,socks4,21.131.12.216:8080,true,10075.11305809,275,51981,0.52625535823637,21.131.12.216
true,1743917366.3094,elite,4279.9290821121,1713075489.0824,"AS26496 GoDaddy.com, LLC",AS-26496-GO-DADDY-COM-LLC,"San Jose","North America",NA,"United States",US,,true,"GoDaddy.com, LLC",37.3387,-121.885,false,"GoDaddy.com, LLC",true,California,success,America/Los_Angeles,95141,1743820253,1743917366.3094,43686,socks4,148.72.211.168:43686,true,771.0657119751,1086,141715,0.76049887605829,148.72.211.168
true,1743891457.784,elite,3286.1348751145,1697031863.0805,"AS6181 Cincinnati Bell Telephone Company LLC",FUSE-NET,Alexandria,"North America",NA,"United States",US,,false,"Fuse Internet Access",38.9595,-84.388,false,"Fuse Internet Access - MH2+",true,Kentucky,success,America/New_York,41001,1743551351,1743891457.784,58208,socks4,208.102.51.6:58208,true,5429.8160076141,145993,271382,34.978855944894,208.102.51.6
true,1743878175.51,elite,3721.2587344019,1737250523.2938,"AS33387 Nocix, LLC",NOCIX,"Kansas City","North America",NA,"United States",US,,true,"Nocix, LLC",39.1374,-94.5786,false,Dedispec,true,Missouri,success,America/Chicago,64116,1743556844,1743878175.51,17055,socks4,74.91.16.170:17055,true,5280.7033061981,76,17541,0.43140148719986,74.91.16.170
true,1743876970.1725,elite,10173.020962177,1715569354.8074,"AS18779 EGIHosting",EGIHOSTING,"San Jose","North America",NA,"United States",US,,true,EGIHosting,37.3387,-121.885,false,EGIHosting,true,California,success,America/Los_Angeles,95141,1743474531,1743876970.1725,3128,socks4,192.177.188.153:3128,true,11424.843788147,473,78444,0.5993638886425,192.177.188.153
true,1743821321.2252,elite,9505.4544751672,1723221947.2738,"AS19318 Interserver, Inc",IS-AS-1,Secaucus,"North America",NA,"United States",US,,true,"Interserver, Inc",40.7862,-74.0743,false,"Interserver, Inc",true,"New Jersey",success,America/New_York,07094,1743415377,1743821321.2252,58769,socks4,174.138.176.77:58769,true,10735.989570618,348,72338,0.47877170294142,174.138.176.77
true,1743808803.4078,elite,10184.641024316,1720205522.6133,"AS13213 UK-2 Limited",UK2NET-AS,"New York","North America",NA,"United States",US,,true,"UK-2 Limited",40.7126,-74.0066,false,"Hosting Services, Inc.",true,"New York",success,America/New_York,10004,1743534293,1743808803.4078,61691,socks4,67.213.212.57:61691,true,11819.969415665,426,86660,0.48917162345268,67.213.212.57
true,1743779887.4719,elite,1000.3603224527,1696987073.8833,"AS46562 Performive LLC",PERFORMIVE,Atlanta,"North America",NA,"United States",US,Fairlie-Poplar,true,"Total Server Solutions L.L.C.",33.755,-84.3896,false,"CreeperHost LTD",true,Georgia,success,America/New_York,30303,1743294342,1743780028.2864,4145,socks4,192.111.138.29:4145,true,1280.8544635773,133829,266690,33.413895470627,192.111.138.29
true,1743719306.9008,elite,2142.3857333413,1696986396.3134,"AS22773 Cox Communications Inc.",ASN-CXA-ALL-CCI-22773-RDC,Roanoke,"North America",NA,"United States",US,,false,"Cox Communications Inc.",37.2681,-79.9404,false,"Cox Communications Inc.",true,Virginia,success,America/New_York,24023,1743293943,1743719476.0928,15303,socks4,184.178.172.5:15303,true,779.23130989075,118617,273607,30.242157542629,184.178.172.5
true,1743708592.131,elite,1838.5345764065,1697038203.9811,"AS22773 Cox Communications Inc.",ASN-CXA-ALL-CCI-22773-RDC,Roanoke,"North America",NA,"United States",US,,false,"Cox Communications Inc.",37.2681,-79.9404,false,"Cox Communications Inc.",true,Virginia,success,America/New_York,24023,1743167019,1743708592.131,4145,socks4,184.178.172.3:4145,true,777.63390541077,119219,262808,31.206956576368,184.178.172.3
true,1743681375.576,elite,9932.7360987663,1721503581.3713,"AS22612 Namecheap, Inc.",NAMECHEAP-NET,Phoenix,"North America",NA,"United States",US,,true,"Namecheap, Inc.",33.4484,-112.074,false,"Namecheap, Inc.",true,Arizona,success,America/Phoenix,85001,1743517467,1743681375.576,54675,socks4,162.0.220.215:54675,true,11259.53412056,180,41026,0.43682958792409,162.0.220.215
true,1743680205.6488,elite,964.99003967014,1696988544.9151,"AS46562 Performive LLC",PERFORMIVE,"Los Angeles","North America",NA,"United States",US,,true,"Performive LLC",34.0549,-118.243,false,"Performive LLC",true,California,success,America/Los_Angeles,90009,1743213595,1743680205.6488,4145,socks4,142.54.237.34:4145,true,1846.8201160431,130661,232584,35.970488237966,142.54.237.34
true,1743630002.9686,elite,9007.9233133763,1717153917.0142,"AS396982 Google LLC",GOOGLE-CLOUD-PLATFORM,"The Dalles","North America",NA,"United States",US,,true,"Google LLC",45.5945,-121.1786,false,"Google Cloud (us-west1)",true,Oregon,success,America/Los_Angeles,97058,1743553053,1743630002.9686,80,socks4,35.185.193.37:80,true,14588.434696198,787,137634,0.56855534926059,35.185.193.37
true,1743607399.8203,elite,10301.894987783,1723235361.757,"AS15267 702 Communications",702COM,Moorhead,"North America",NA,"United States",US,,false,"702 Communications",46.8773,-96.7703,false,"Concordia College",true,Minnesota,success,America/Chicago,56562,1743538101,1743607399.8203,80,socks4,138.129.44.201:80,true,10814.679145813,279,59958,0.46317047661736,138.129.44.201
true,1743599565.6811,elite,4991.0135605473,1720355220.7166,"AS398779 Ace Host, LLC",ACEHOST,Tampa,"North America",NA,"United States",US,,false,"Ace Host, LLC",27.9455,-82.4598,false,"Cogent Communications - IPENG",true,Florida,success,America/New_York,33655,1743164610,1743599565.6811,5872,socks4,38.57.3.38:5872,true,2548.5093593597,397,61068,0.64589603839583,38.57.3.38
true,1743550279.5847,elite,10163.159081491,1720303597.826,,,Dearborn,"North America",NA,"United States",US,,false,"Ford Motor Company",42.3223,-83.1763,false,"Ford Motor Company",false,Michigan,success,America/Detroit,48121,1743473798,1743550279.5847,8081,socks4,19.5.201.235:8081,true,10546.59318924,354,67724,0.51999177414143,19.5.201.235
true,1743533193.9301,elite,10202.992099605,1720139091.3638,,,"New York","North America",NA,"United States",US,,false,"Nomura Holding America Inc",40.7128,-74.0153,false,"Nomura Holding America Inc",false,"New York",success,America/New_York,10281,1743499887,1743533193.9301,512,socks4,147.62.130.138:512,true,11825.0207901,438,83059,0.52456974502078,147.62.130.138
true,1743515537.0689,elite,3656.7926102084,1710540111.0249,"AS26801 Zito Media, L.P.",ZITOMEDIA611,Ocala,"North America",NA,"United States",US,,false,"Zito Media, L.P.",29.0039,-82.1887,false,"Zito Media",true,Florida,success,America/New_York,34473,1743140686,1743515537.0689,3366,socks4,24.75.156.114:3366,true,584.05160903931,11828,320964,3.5541719752879,24.75.156.114
true,1743513684.8721,elite,7483.051388352,1738962875.3849,"AS200373 3xK Tech GmbH",Drei-K-Tech-GmbH,Ashburn,"North America",NA,"United States",US,,false,"3xK Tech GmbH",39.0438,-77.4874,false,"3xK Tech GmbH",true,Virginia,success,America/New_York,20149,1743005014,1743513684.8721,3128,socks4,156.228.124.247:3128,true,980.90791702271,54,12956,0.41506533435819,156.228.124.247
true,1743502326.4996,elite,10630.743959092,1716172233.4706,"AS7018 AT&T Services, Inc.",ATT-INTERNET4,Carriere,"North America",NA,"United States",US,,false,"AT&T Services, Inc.",30.6169,-89.6526,false,"AT&T Corp",false,Mississippi,success,America/Chicago,39426,1743500996,1743502326.4996,8085,socks4,76.208.57.150:8085,true,13235.108375549,604,100705,0.59619579701705,76.208.57.150
true,1743499663.6406,elite,10528.349859064,1737207608.4521,"AS5650 Frontier Communications of America, Inc.",FRONTIER-FRTR,Sheridan,"North America",NA,"United States",US,,false,"Ace Data Centers II",44.7978,-106.955,false,"Server Destroyers LLC",true,Wyoming,success,America/Denver,82801,1742954183,1743499663.6406,3128,socks4,168.93.252.93:3128,true,11749.745607376,110,22207,0.49289779092172,168.93.252.93
true,1743498924.5629,elite,10332.138402895,1734031801.508,"AS701 Verizon Business",UUNET,"New York","North America",NA,"United States",US,,false,"Verizon Business",40.7503,-74.0014,false,"Verizon Business",false,"New York",success,America/New_York,10001,1743279307,1743498924.5629,8081,socks4,157.130.9.113:8081,true,14597.91302681,88,18295,0.47870314964913,157.130.9.113
true,1743498737.4053,elite,6608.5542829628,1717536138.5429,"AS7029 Windstream Communications LLC",WINDSTREAM,Ashburn,"North America",NA,"United States",US,,false,"Ipxo LLC",39.0438,-77.4874,false,"Internet Utilities NA LLC",true,Virginia,success,America/New_York,20149,1743370152,1743498737.4053,63049,socks4,162.33.161.113:63049,true,1955.4572105408,586,107006,0.54465015986319,162.33.161.113
true,1743492180.1561,elite,10396.76194811,1721699832.2297,"AS16509 Amazon.com, Inc.",AMAZON-02,Ashburn,"North America",NA,"United States",US,,true,"Amazon.com, Inc.",39.018,-77.539,false,"Amazon.com, Inc.",true,Virginia,success,America/New_York,20147,1742952332,1743492180.1561,47023,socks4,172.106.19.155:47023,true,777.32586860657,323,69060,0.46553190262744,172.106.19.155
true,1743483869.7479,elite,1604.6720791262,1696968908.3646,"AS22773 Cox Communications Inc.",ASN-CXA-ALL-CCI-22773-RDC,Irvine,"North America",NA,"United States",US,,false,"Cox Communications Inc.",33.6846,-117.827,false,"Cox Communications",true,California,success,America/Los_Angeles,92612,1743467143,1743483869.7479,4145,socks4,72.195.34.58:4145,true,1043.9608097076,153220,278931,35.455199687146,72.195.34.58
true,1743467461.4248,elite,10007.155854675,1722836873.9049,"AS22612 Namecheap, Inc.",NAMECHEAP-NET,Phoenix,"North America",NA,"United States",US,,true,"Namecheap, Inc.",33.4484,-112.074,false,"Namecheap, Inc.",true,Arizona,success,America/Phoenix,85001,1742867195,1743467461.4248,35539,socks4,66.29.128.244:35539,true,850.91948509216,435,77134,0.5607910376568,66.29.128.244
true,1743465828.3528,elite,11179.742190573,1737984663.4735,"AS46182 Microsoft Corporation",VAROLII,Denver,"North America",NA,"United States",US,,false,"Microsoft Corporation",39.7392,-104.99,false,"Microsoft Corporation",false,Colorado,success,America/Denver,80208,1743017343,1743465828.3528,80,socks4,208.92.178.22:80,true,13593.074083328,90,20661,0.43371403787769,208.92.178.22
true,1743404838.9323,elite,4260.3631589117,1713423287.0753,"AS46606 Unified Layer",UNIFIEDLAYER-AS-1,Provo,"North America",NA,"United States",US,"East Bay",true,"Unified Layer",40.2066,-111.643,false,"Unified Layer",true,Utah,success,America/Denver,84606,1742837752,1743404838.9323,54072,socks4,162.144.103.99:54072,true,915.9255027771,855,121771,0.69724202045243,162.144.103.99
true,1743391862.2265,elite,949.83457107559,1710546263.7031,"AS46562 Performive LLC",PERFORMIVE,"Beverly Hills","North America",NA,"United States",US,,true,"Performive LLC",34.0624,-118.384,false,"ZeroLag Communications",true,California,success,America/Los_Angeles,90211,1743379461,1743391862.2265,4145,socks4,72.37.216.68:4145,true,810.69684028625,90796,279725,24.504953835275,72.37.216.68
true,1743386664.1972,elite,4835.1766399617,1720009911.3688,,,"Los Angeles","North America",NA,"United States",US,"Playa Vista",false,"Edgecast Inc.",33.9751,-118.426,false,"Edgecast Inc",false,California,success,America/Los_Angeles,90094,1742841278,1743386664.1972,80,socks4,192.229.233.122:80,true,6382.5378417969,212,67688,0.31222385861561,192.229.233.122
true,1743364286.6988,elite,10359.676890714,1716124015.6929,"AS174 Cogent Communications",COGENT-174,Sacramento,"North America",NA,"United States",US,"Southwestern Sacramento",false,"Cogent Communications",38.5148,-121.5,false,"Aviation RE LLC",true,California,success,America/Los_Angeles,95822,1742993788,1743364286.6988,6058,socks4,192.53.138.120:6058,true,10907.164573669,700,104821,0.66337506278371,192.53.138.120
true,1743353638.4152,elite,9986.5304941223,1716542114.832,"AS7922 Comcast Cable Communications, LLC",COMCAST-7922,Denver,"North America",NA,"United States",US,"Five Points",false,"Comcast Cable Communications, LLC",39.7523,-104.984,false,"Comcast Cable Communications, LLC",false,Colorado,success,America/Denver,80294,1743089352,1743353638.4152,80,socks4,50.217.22.108:80,true,1859.4245910645,588,98498,0.59342389439477,50.217.22.108
true,1743351196.1876,elite,4470.8747726296,1710814173.2826,"AS46606 Unified Layer",UNIFIEDLAYER-AS-1,Provo,"North America",NA,"United States",US,"East Bay",true,"Unified Layer",40.2066,-111.643,false,"Unified Layer",false,Utah,success,America/Denver,84606,1742748526,1743351196.1876,48542,socks4,162.214.154.177:48542,true,2312.816619873,1214,158486,0.76017532874139,162.214.154.177
true,1743341661.5434,elite,6425.3809622751,1710532353.3654,"AS398101 GoDaddy.com, LLC",GO-DADDY-COM-LLC,Tempe,"North America",NA,"United States",US,"South Tempe",false,"GoDaddy.com, LLC",33.3359,-111.894,false,"GoDaddy.com, LLC",true,Arizona,success,America/Phoenix,85284,1742948090,1743341661.5434,64741,socks4,198.12.253.239:64741,true,14555.861711502,3018,117286,2.5086447665913,198.12.253.239
true,1743336866.4139,elite,9899.2542870461,1722518368.6722,"AS16509 Amazon.com, Inc.",AMAZON-02,Portland,"North America",NA,"United States",US,,true,"Amazon.com, Inc.",45.5235,-122.676,false,"AWS EC2 (us-west-2)",true,Oregon,success,America/Los_Angeles,97207,1743252938,1743336866.4139,8080,socks4,44.226.41.63:8080,true,12072.698354721,252,57004,0.44012854547995,44.226.41.63
true,1743334460.4392,elite,10238.374516315,1722879196.9599,"AS7385 Allstream Business US, LLC",ABUL-14-7385,Boise,"North America",NA,"United States",US,,false,"Allstream Business US, LLC",43.6349,-116.2023,false,"Allstream Business US, LLC",false,Idaho,success,America/Boise,83702,1743328272,1743334460.4392,3932,socks4,70.103.148.90:3932,true,13569.992780685,283,55508,0.50725027334158,70.103.148.90
true,1743317907.4729,elite,10733.091678117,1737377345.5625,"AS306 DoD Network Information Center",DNIC-ASBLK-00306-00371,"Sierra Vista","North America",NA,"United States",US,"Fort Huachuca",false,"DoD Network Information Center",31.5552,-110.35,false,USAISC,false,Arizona,success,America/Phoenix,85613,1743038175,1743317907.4729,3128,socks4,132.117.235.165:3128,true,13009.167671204,95,19529,0.48410110069303,132.117.235.165
true,1743315820.9009,elite,9247.8048671595,1697035083.593,"AS53667 FranTech Solutions",PONYNET,Miami,"North America",NA,"United States",US,,true,"FranTech Solutions",25.7838,-80.1823,false,"FranTech Solutions",true,Florida,success,America/New_York,33132,1742949822,1743315820.9009,44499,socks4,45.61.188.134:44499,true,11972.662210464,67508,348430,16.230303554857,45.61.188.134
true,1743311672.2166,elite,11017.395946287,1739204990.4379,"AS7018 AT&T Services, Inc.",ATT-INTERNET4,Schaumburg,"North America",NA,"United States",US,,false,"AT&T Services, Inc.",42.0332,-88.0327,false,"AT&T Global Services",false,Illinois,success,America/Chicago,60173,1743032345,1743311672.2166,8888,socks4,12.64.151.234:8888,true,10934.507846832,62,14524,0.42506513094748,12.64.151.234
true,1743287304.827,elite,11120.937383265,1727947766.3888,"AS30633 Leaseweb USA, Inc.",LEASEWEB-USA-WDC,Manassas,"North America",NA,"United States",US,,true,"Leaseweb USA, Inc.",38.7493,-77.4719,false,"Leaseweb USA, Inc.",true,Virginia,success,America/New_York,20110,1742961400,1743287304.827,30122,socks4,162.210.192.135:30122,true,10958.746194839,133,26296,0.50323508267434,162.210.192.135
true,1743272067.2518,elite,2221.8498979285,1697035420.0374,"AS22773 Cox Communications Inc.",ASN-CXA-ALL-CCI-22773-RDC,Chicago,"North America",NA,"United States",US,,false,"Cox Communications Inc.",41.8781,-87.6298,false,"Cox Communications",true,Illinois,success,America/Chicago,60666,1742771009,1743272067.2518,4145,socks4,184.181.217.220:4145,true,657.04846382141,114630,236991,32.600441953126,184.181.217.220
true,1743260349.1928,elite,5302.0028339492,1720118560.8816,"AS20473 The Constant Company, LLC",AS-VULTR,"Elk Grove Village","North America",NA,"United States",US,,true,"The Constant Company",42.0048,-87.9954,false,"Vultr Holdings, LLC",true,Illinois,success,America/Chicago,60007,1742878843,1743260349.1928,38376,socks4,207.148.13.90:38376,true,802.93202400208,396,76367,0.5158735328218,207.148.13.90
true,1743260231.4272,elite,9954.2222473292,1721295957.9506,"AS26347 New Dream Network, LLC",DREAMHOST-AS,Brea,"North America",NA,"United States",US,,true,"New Dream Network, LLC",33.9339,-117.8854,false,"New Dream Network, LLC",true,California,success,America/Los_Angeles,92821,1742982696,1743260231.4272,38175,socks4,69.163.161.88:38175,true,17563.267707825,413,86427,0.47558728696453,69.163.161.88
true,1743249829.8822,elite,1372.3259286092,1696982686.2662,"AS22773 Cox Communications Inc.",ASN-CXA-ALL-CCI-22773-RDC,Irvine,"North America",NA,"United States",US,,false,"Cox Communications Inc.",33.6846,-117.827,false,"Cox Communications",true,California,success,America/Los_Angeles,92612,1742862156,1743249970.4919,4145,socks4,72.195.114.184:4145,true,772.40657806396,145597,242184,37.546192309577,72.195.114.184
true,1743247212.0352,elite,9657.8326301453,1720145427.6261,"AS19318 Interserver, Inc",IS-AS-1,Secaucus,"North America",NA,"United States",US,,true,"Interserver, Inc",40.7862,-74.0743,false,"Interserver, Inc",true,"New Jersey",success,America/New_York,07094,1742869639,1743247212.0352,59488,socks4,174.138.176.77:59488,true,9123.3961582184,313,53817,0.57823757620543,174.138.176.77
true,1743214016.4856,elite,9989.0711447224,1721573889.437,"AS63023 GTHost",AS-GLOBALTELEHOST,Miami,"North America",NA,"United States",US,,true,GTHost,25.7616,-80.1917,false,"Globaltelehost Corp",true,Florida,success,America/New_York,,1742903760,1743214016.4856,26573,socks4,38.91.106.214:26573,true,10844.64764595,256,50377,0.50559911520155,38.91.106.214
true,1743194383.8889,elite,10742.374158296,1738360721.3061,"AS20057 AT&T Mobility LLC",ATT-MOBILITY-LLC-AS20057,"New York","North America",NA,"United States",US,,false,"AT&T Mobility LLC",40.7128,-74.006,true,"AT&T Corp",false,"New York",success,America/New_York,10123,1742637701,1743194383.8889,1080,socks4,32.179.227.203:1080,true,772.07946777344,61,15313,0.39677377390399,32.179.227.203
true,1743174435.2694,elite,1221.170329281,1710540267.3579,"AS398101 GoDaddy.com, LLC",GO-DADDY-COM-LLC,Tempe,"North America",NA,"United States",US,"South Tempe",false,"GoDaddy.com, LLC",33.3359,-111.894,false,"GoDaddy.com, LLC",true,Arizona,success,America/Phoenix,85284,1742572522,1743174435.2694,45157,socks4,132.148.244.30:45157,true,720.20840644836,9333,302137,2.9964362538928,132.148.244.30
true,1743158912.047,elite,10632.554874904,1722758355.8903,"AS19318 Interserver, Inc",IS-AS-1,Secaucus,"North America",NA,"United States",US,,true,"Interserver, Inc",40.7862,-74.0743,false,"Interserver, Inc",true,"New Jersey",success,America/New_York,07094,1742621768,1743158912.047,58889,socks4,66.23.233.210:58889,true,8143.9163684845,276,58528,0.46935582613428,66.23.233.210
true,1743158699.8791,elite,326.08008384705,1743077472.7984,"AS22616 ZSCALER, INC.",ZSCALER-SJC1,"San Jose","North America",NA,"United States",US,,false,"ZSCALER, INC.",37.3388,-121.8916,false,"Zscaler, Inc.",false,California,success,America/Los_Angeles,95141,1743158700,1743158699.8791,10797,http,104.129.192.181:10797,false,326.08008384705,1,346,0.28818443804035,104.129.192.181
true,1743126404.532,elite,10672.133151106,1716983471.5388,,,Dearborn,"North America",NA,"United States",US,,false,"Ford Motor Company",42.3223,-83.1763,false,"Ford Motor Company",false,Michigan,success,America/Detroit,48121,1742948303,1743126404.532,3128,socks4,19.82.183.95:3128,true,17410.299301147,721,121242,0.59116289366447,19.82.183.95
true,1743125728.5244,elite,2312.8822621422,1697035382.8529,"AS22773 Cox Communications Inc.",ASN-CXA-ALL-CCI-22773-RDC,Roanoke,"North America",NA,"United States",US,,false,"Cox Communications Inc.",37.2681,-79.9404,false,"Cox Communications Inc.",true,Virginia,success,America/New_York,24023,1742775723,1743125728.5244,4145,socks4,184.178.172.11:4145,true,774.85156059265,112920,267467,29.685557077397,184.178.172.11
true,1743104432.2593,elite,10263.329905302,1722478594.5753,"AS13213 UK-2 Limited",UK2NET-AS,"New York","North America",NA,"United States",US,,true,"UK-2 Limited",40.7126,-74.0066,false,"Hosting Services, Inc.",true,"New York",success,America/New_York,10004,1742867472,1743104432.2593,59319,socks4,67.213.212.53:59319,true,10809.714078903,198,41504,0.47479737182869,67.213.212.53
true,1743100462.1429,elite,10360.354553569,1725587630.2826,"AS6614 UNITED STATES CELLULAR TELEPHONE COMPANY (GREATER KNOXVILLE), L.P.",USCC-ASN,Chicago,"North America",NA,"United States",US,,false,"United States Cellular Telephone Company",41.8781,-87.6298,true,"Service Provider Corporation",false,Illinois,success,America/Chicago,60666,1742574625,1743100462.1429,8080,socks4,166.236.103.135:8080,true,11092.914819717,55,11370,0.48140043763676,166.236.103.135
true,1743060843.663,elite,5612.1227555984,1711870185.7305,"AS398101 GoDaddy.com, LLC",GO-DADDY-COM-LLC,Ashburn,"North America",NA,"United States",US,,false,"GoDaddy.com, LLC",39.0469,-77.4903,false,"GoDaddy.com, LLC",true,Virginia,success,America/New_York,20149,1742661818,1743060843.663,56504,socks4,148.72.23.56:56504,true,2580.0926685333,1480,97798,1.4907633111062,148.72.23.56
true,1743042948.6681,elite,10532.051905632,1722885305.0143,"AS299 University of California, Irvine",UCINET-AS,Irvine,"North America",NA,"United States",US,,false,"University of California, Irvine",33.6454,-117.8419,false,"University of California, Irvine",false,California,success,America/Los_Angeles,92697,1742863042,1743042948.6681,8081,socks4,128.195.58.177:8081,true,772.99833297729,250,54024,0.46062571396986,128.195.58.177
true,1743022846.7553,elite,1486.9189534229,1696986393.3127,"AS22773 Cox Communications Inc.",ASN-CXA-ALL-CCI-22773-RDC,Atlanta,"North America",NA,"United States",US,"Perimeter Center",false,"Cox Communications Inc.",33.9149,-84.3446,false,"Cox Communications",true,Georgia,success,America/New_York,30319,1742629372,1743022921.5932,4145,socks4,98.170.57.231:4145,true,803.97129058838,146326,255187,36.443651886738,98.170.57.231
true,1742999511.2873,elite,9879.4895156901,1737406396.4405,"AS40676 Psychz Networks",AS40676,"Los Angeles","North America",NA,"United States",US,,true,"Psychz Networks",34.0544,-118.244,false,"TELUS Communications Inc.",false,California,success,America/Los_Angeles,90060,1742763419,1742999511.2873,48950,socks4,108.181.6.117:48950,true,17470.542669296,94,21605,0.4331996866215,108.181.6.117
true,1742989099.1127,elite,4580.1375383839,1710835371.7939,"AS46606 Unified Layer",UNIFIEDLAYER-AS-1,Provo,"North America",NA,"United States",US,"East Bay",true,"Unified Layer",40.2066,-111.643,false,"Unified Layer",true,Utah,success,America/Denver,84606,1742543096,1742989099.1127,42256,socks4,162.214.197.102:42256,true,708.30869674683,1270,129266,0.9729116871974,162.214.197.102
true,1742962403.1805,elite,5242.3146513377,1710585272.4721,"AS7029 Windstream Communications LLC",WINDSTREAM,Nashua,"North America",NA,"United States",US,,false,"Windstream Communications LLC",42.9528,-92.5298,false,"Windstream Communications LLC",true,Iowa,success,America/Chicago,50658,1742947053,1742962403.1805,18351,socks4,50.96.204.50:18351,true,7738.0013465881,3689,228416,1.5893668813683,50.96.204.50
true,1742957013.4768,elite,1505.3829407401,1696987201.8007,"AS22773 Cox Communications Inc.",ASN-CXA-ALL-CCI-22773-RDC,Irvine,"North America",NA,"United States",US,,false,"Cox Communications Inc.",33.6846,-117.827,false,"Cox Communications",true,California,success,America/Los_Angeles,92612,1742599023,1742957013.4768,4145,socks4,72.195.34.42:4145,true,777.74429321289,154546,264914,36.844037572117,72.195.34.42
true,1742946502.1382,elite,5224.9586907243,1708476157.0311,"AS398108 GoDaddy.com, LLC",GO-DADDY-COM-LLC,Warrenton,"North America",NA,"United States",US,,false,"GoDaddy.com, LLC",38.6877,-77.8369,false,,true,Virginia,success,America/New_York,20186,1742944415,1742946502.1382,54467,socks4,92.204.134.38:54467,true,1547.0275878906,9428,109609,7.9202264842024,92.204.134.38
true,1742925095.3488,elite,10175.509776532,1726351036.2097,"AS7018 AT&T Services, Inc.",ATT-INTERNET4,"The Bronx","North America",NA,"United States",US,,false,"AT&T Services, Inc.",40.8622,-73.8902,true,"AT&T Corp",false,"New York",success,America/New_York,10458,1742342505,1742925095.3488,80,socks4,206.171.59.47:80,true,18247.482538223,355,70053,0.50420406771958,206.171.59.47
true,1742733052.6151,elite,3913.1929668678,1721427868.9099,"AS36352 HostPapa",AS-COLOCROSSING,"Los Angeles","North America",NA,"United States",US,,true,HostPapa,34.0544,-118.244,false,"RackNerd LLC",true,California,success,America/Los_Angeles,90060,1742286049,1742733052.6151,80,socks4,192.210.148.89:80,true,1106.3132286072,394,77781,0.50399744163735,192.210.148.89
true,1742713773.7208,elite,969.15515688317,1696968780.549,"AS46562 Performive LLC",PERFORMIVE,"Los Angeles","North America",NA,"United States",US,"Downtown Los Angeles",true,"Performive LLC",34.0483,-118.255,false,"Total Server Solutions L.L.C",true,California,success,America/Los_Angeles,90189,1742307923,1742713773.7208,17328,socks4,192.252.220.92:17328,true,830.82962036133,141023,281609,33.36779988264,192.252.220.92
true,1742655605.6284,elite,10409.500970436,1726059243.3129,"AS6431 ATT LABS",ATT-RESEARCH,Indianapolis,"North America",NA,"United States",US,"Mile Square",false,"ATT LABS",39.7709,-86.1585,false,"AT&T Services, Inc.",false,Indiana,success,America/Kentucky/Louisville,46204,1742301352,1742655605.6284,3128,socks4,135.197.28.48:3128,true,10452.936410904,283,55786,0.5047352369402,135.197.28.48
true,1741462127.3025,transparent,321.82860374451,1741266257.6728,"AS931 Hyonix",AS-HYONIX-US,Chicago,"North America",NA,"United States",US,,false,Hyonix,41.8719,-87.6589,false,"Hyonix LLC",false,Illinois,success,America/Chicago,60607,1741462128,1741462127.3025,3128,http,38.240.45.111:3128,false,321.82860374451,1,502,0.19880715705765,38.240.45.111
true,1737657122.6525,transparent,3394.0887722624,1737428796.0389,"AS19871 Network Solutions, LLC",NETWORK-SOLUTIONS-HOSTING,Atlanta,"North America",NA,"United States",US,,true,"Network Solutions, LLC",33.7488,-84.3877,false,"Newfold Digital, Inc.",false,Georgia,success,America/New_York,30302,1737428797,1737657184.8214,3128,http,69.49.228.101:3128,false,3618.5715198517,1660,1659,50.015064778548,69.49.228.101
true,1737068748.5786,transparent,6847.2103557001,1732679476.357,"AS33152 Kit Carson Electric Cooperative, Inc",KCEC-ASN,Taos,"North America",NA,"United States",US,,false,"Kit Carson Electric Cooperative, Inc",36.4072,-105.5731,false,"Kit Carson Electric Cooperative, Inc",true,"New Mexico",success,America/Denver,87571,1736913454,1737068748.5786,51012,http,216.158.246.90:51012,false,1492.7976131439,4592,58256,7.306517311609,216.158.246.90
